Porosity_v/v,Permeability_mD,Seismic_Velocity_m/s
0.10993428306022465,0.0660672181472073,3488.178015531144
0.0972347139765763,0.07557153309333263,3467.7181639082373
0.11295377076201385,0.14530238555113031,3478.7114421952137
0.13046059712816052,0.1356876181928619,3415.478907299445
0.09531693250553329,0.098960362285483,3544.0870826335185
0.0953172608610164,0.10604185531557503,3617.253486322821
0.13158425631014783,0.1894267931178243,3303.3892584940822
0.11534869458305819,0.07439468428990281,3361.023791919138
0.09061051228130096,0.13146213673372037,3458.011426148281
0.1108512008717193,0.09038459646299783,3520.546211215863
0.09073164614375076,0.08968733662724107,3579.060052098949
0.09068540492859486,0.17321933294471203,3543.793741811503
0.10483924543132069,0.15109040412555008,3489.8022041593877
0.061734395106844045,0.15019358128884205,3635.053572100861
0.06550164334973935,0.19207954624078175,3794.7793822321446
0.08875424941518055,0.1010557259538099,3562.6898120228584
0.07974337759331153,0.14063201717650997,3606.752851763687
0.10628494665190548,0.08563009579033248,3504.863597935407
0.08183951848957578,0.11759580490271843,3614.852869138957
0.07175392597329418,0.09370004399777039,3652.4245713474857
0.1293129753784311,0.10496932540582272,3313.911400335579
0.0954844739902693,0.1346594095965647,3546.1510479054537
0.10135056409375848,0.06642409348597562,3587.3484043549593
0.07150503627573088,0.28467945381340515,3709.7458209290944
0.08911234550949636,0.060470853900064035,3634.097603784488
0.10221845179419732,0.0544931976214663,3463.346957207454
0.07698012845155394,0.1784352200986064,3565.6191167293014
0.10751396036691345,0.14856187423365677,3456.1408521604503
0.0879872262016239,0.13662365397951687,3562.8501146063154
0.09416612500413447,0.1369126239018114,3583.878950902875
0.08796586775541207,0.09938953232987562,3475.5474297371984
0.13704556369017876,0.06385040977571409,3391.249697522137
0.09973005550524133,0.10386297320837602,3493.449327544844
0.078845781420882,0.07127811446005182,3584.4270393982188
0.11645089824206378,0.16283380064649522,3367.1402900266726
0.07558312700057956,0.09291094885600609,3539.3415314038134
0.10417727190009511,0.06618286466980841,3520.2721696976205
0.06080659752240449,0.08515535253142731,3699.632910747398
0.0734362790220314,0.12293256009881472,3568.32055990279
0.10393722471738248,0.07543775729725899,3415.559937809907
0.11476933159990821,0.0662913875935924,3409.3641070359527
0.10342736562379942,0.11295774285460175,3566.3142481454724
0.09768703435223519,0.11303002275744138,3498.5852606706435
0.09397792608821423,0.07761017954601283,3454.953221903024
0.07042956019265145,0.0790160529070061,3635.5650458324453
0.08560311583210584,0.11230239122065605,3558.3482423520873
0.09078722458080425,0.04847886914342092,3411.2195449489
0.12114244452437832,0.049473555712802285,3391.5730340522177
0.10687236579136923,0.06982192522122817,3454.09144453272
0.06473919689274532,0.08987740815118675,3711.114333776944
0.1064816793878959,0.11681879444425594,3560.0394078077875
0.09229835439167368,0.20910746249987347,3594.8364795190196
0.08646155999388083,0.153545969473233,3554.2477655028542
0.11223352577681736,0.0923144718820434,3383.50607567883
0.12061999044991903,0.09905369551470851,3525.568037912898
0.11862560238232397,0.06057640759560572,3409.8329097891046
0.08321564953554723,0.09907861421446394,3584.618216917911
0.09381575248297572,0.08656026413217091,3529.714983229621
0.10662526862807128,0.11751070856526058,3476.7778948980363
0.11951090254244719,0.06612551736623694,3395.227466691567
0.0904165152430942,0.12965063932180343,3519.234323440517
0.09628682046672367,0.2151939345016977,3491.2229506043623
0.07787330051987944,0.0947072080397587,3608.9958338898027
0.07607586751838659,0.12224485566718642,3592.4494238513785
0.11625051644788396,0.14120915807495069,3383.1051286267216
0.12712480057141645,0.08182312865565927,3369.6975085275126
0.09855979756839332,0.11185645828880415,3494.4521512869906
0.12007065795784048,0.10063160631252828,3474.846359639932
0.10723272050095269,0.1050050280564069,3331.287907075586
0.08709760490789752,0.0679427401656758,3619.0873180566355
0.10722791211016829,0.10123304884113526,3526.16469907404
0.1307607313293194,0.1282740937124637,3242.5268317329956
0.09928347921780098,0.20659120588630533,3486.4482242069776
0.13129287311628013,0.16154853099378735,3324.9635911188097
0.047605097918205115,0.2934658900843662,3691.598925673083
0.11643805008750449,0.06813536611366007,3378.9189151829337
0.10174094136476343,0.15467567483788305,3435.7665009028915
0.09401985299068266,0.1096004180528287,3617.514257217768
0.10183521553071005,0.29888881635970166,3537.607842003823
0.06024862170798215,0.06675445544620298,3762.334646209797
0.09560656224324976,0.06571382075252252,3558.050791985913
0.10714225143023494,0.07410432245050043,3407.836154287964
0.12955788089483034,0.0345781618997826,3325.98458221186
0.08963459563452705,0.07688360656273074,3576.2957498887604
0.08383012794213625,0.0684158043174293,3519.7429698447213
0.08996485912830927,0.10780963998799108,3585.8256258670726
0.11830804235404149,0.11863459916115016,3396.4435183218857
0.10657502219319369,0.2555084817065848,3448.383848656552
0.08940479592465923,0.1608355002506356,3588.524018786878
0.11026534866226713,0.07494229056046875,3470.8864222629663
0.10194155098696081,0.06381337770798602,3472.243936774242
0.1193728998106578,0.12788478888232155,3461.1019911149233
0.08595893812245296,0.05167910713253001,3516.1521430077405
0.09344675706804464,0.24985970214496625,3563.56299500699
0.09215783693735685,0.1803483478210712,3568.865878211635
0.07072970103735764,0.0790896769499948,3630.8741728475125
0.10592240554129152,0.04246171818577698,3486.6946234056486
0.10522110544359779,0.19678393950285045,3411.3387939627455
0.10010226913284923,0.09443391364621517,3545.690005296099
0.09530825733249706,0.18568994900253588,3514.2136065153654
0.15753887773848757,4.505826169023248,3186.16946028161
0.18738064031703924,7.4104975404727025,3115.547259706648
0.18971856450419694,10.026252899132118,3016.1899929518777
0.17593168192335146,10.237683669535457,3049.918525565065
0.19516142865001973,7.984900791682079,2946.361398073706
0.21212152570443615,13.6536933369483,2969.6928690451014
0.2565855770363159,5.863665255599436,2653.050647193606
0.20523733438495517,9.31285170975896,3061.553037174442
0.20772651172168294,10.61993514424251,2857.2709709973988
0.197766622527015,12.933288740082656,3095.989705779427
0.14243686354102877,14.2733267325614,3298.366555654987
0.1992045837365235,5.6988479881679694,2999.141425723863
0.2018069062982308,4.6437768323258375,2963.7195141683983
0.2738972633745586,18.94279226835859,2650.4704888448105
0.19422917105656634,11.807584733234837,3026.972409595926
0.2090464202700084,6.878095692255435,3009.9329927507843
0.1989586469088427,21.718427218124166,3010.918147888888
0.16493965887141404,10.595426122731089,3182.8167937160238
0.23428468443545064,18.03354590866368,2810.395967212054
0.22255799098060325,10.343355508501025,2884.3627639109304
0.22373095841129143,28.02113524002022,2896.735296388146
0.17271837635615783,24.05289862448048,3050.8996985863796
0.24208382932808298,8.829540888480249,2722.171582254299
0.15794446811623158,16.254512596505595,3247.440864119978
0.21760571281400812,13.808344285308214,2920.5147078363566
0.26571366877429936,19.824149609783493,2662.2324893108694
0.17028391024607936,6.1726198739953,3149.5021454228727
0.18301106811191686,14.092050203040579,3102.3237447084994
0.20298954095262925,16.975944905282883,2958.0643112213857
0.18489573037651402,4.150444138254933,3036.606111847314
0.15348009706801602,5.534248788202543,3242.391777414804
0.20205688924418083,3.607334031574475,2940.7969148983443
0.16813088858821687,8.739750792104742,3179.7581948446395
0.21420777291905546,14.315691178410717,2843.8319551928307
0.17241727297298592,21.194964270293067,3189.3714170013527
0.24649803215052618,10.377421984934744,2791.139713368021
0.1765024012299129,22.57612350616645,3130.2894805661294
0.19033815451382974,5.015506252051334,3097.443776628127
0.22440551652109011,4.266926903121064,2961.2461396176786
0.16307407050698136,9.726082978346817,3235.3481507159995
0.2068237980381239,12.117101688887542,2873.837298242798
0.23921428262847286,9.837855191351304,2739.9497385208506
0.1517755029631632,3.5568098834586164,3209.8815562994
0.20553901575596914,9.564181943838621,2973.6094737306958
0.20779648382745272,5.208804374357827,2986.9005318861928
0.22345468615331932,13.977115253507481,2846.4393785757297
0.16289147867365755,12.01173653073718,3194.880944855566
0.16038630160747172,6.2503983632077835,3160.2993453449753
0.21565824696850694,7.734196764284294,2891.132875007868
0.2089095401969956,5.888364776567147,2885.1192441726107
0.2075147855103763,9.691464448476676,2916.264410142573
0.21039344628490927,16.121539794135312,2880.448538294637
0.17959925835264529,6.108749390493674,3053.2100455879067
0.20696761091483012,12.866259609732838,3017.844035256241
0.20879217419896046,7.67107133166169,2908.5691845636
0.178569457459209,6.727130490396748,3238.7718159458245
0.2559732353343427,9.478915519223698,2744.7997183723314
0.21421498762735364,5.9593650000443175,2938.1668680479756
0.16426089508392056,7.581874315943616,3135.7776355713368
0.2196966082590149,5.493942637591269,2936.5324526753748
0.17075954989318037,26.707586388602074,3117.4203592222098
0.22361253811227358,10.177881333489232,2888.0378001709
0.23475786737022214,7.047848119801076,2954.2148900623292
0.1753795304494487,11.129230755194547,3118.299352766524
0.22890128387732966,9.453840566985662,2912.9572469276354
0.21238342780809497,8.953999403741166,2902.924039703231
0.22466180479983472,13.594542738931402,2874.9415514759785
0.25690378947961845,14.604635057419182,2804.021084383683
0.1926383565199139,7.670137323449068,3005.459864511042
0.17738791506927531,7.498297334271436,3203.6828525534697
0.1733145671112343,8.715118223665854,3168.814761216602
0.17552569145103686,3.1633275971792933,3094.2482039501024
0.1976869487175769,4.6879226937362395,3043.185643364892
0.21023455924449932,19.806738869029733,2997.45492625884
0.20830072397990057,22.76146443658483,2989.5868782113566
0.22481549747108073,8.829223511581135,2797.4112766500734
0.20039005675633723,13.341287826178112,2961.6928574270705
0.2436060223147195,11.683880657199394,2769.5939566488273
0.19206029500286131,46.61980716208601,3035.976853530691
0.28160507499768855,17.503004444058398,2623.008229889091
0.21877002043295019,9.380436501285313,2915.034947881912
0.17428527330751153,6.2016468186571805,3061.8064155269376
0.16787322505816665,4.478830363954441,3179.6437672594648
0.21447417245729558,11.070865311590486,2958.1584249777134
0.19329611644022449,6.851103405191949,3061.5089401954297
0.22142001482276277,4.910904978658495,2946.938962163917
0.21419712873720637,7.237665074591931,2970.710464041413
0.19781513262029382,5.822973786845455,3033.8833408599526
0.17459618845794786,23.24653085889605,3123.5107721373283
0.15455458325942406,15.539807717454456,3144.17903702708
0.18660455143798937,9.960216141707944,3088.4581537666827
0.2256919638297042,20.958769746697573,2881.9245652096342
0.20642281232390614,10.394421279764527,2981.464880240238
0.1626278366386404,6.5009153647313225,3123.0233880157825
0.20519542777553548,21.416189005832216,2919.9700341019097
0.21155952139186512,13.092507432154417,2994.8600357073196
0.173484276913966,5.953397207290407,3130.6008577373373
0.20461175317836586,9.092189551645879,3011.0162689768017
0.20174626155338002,6.454489700801645,2992.684611039623
0.16571089106508133,5.008744212611403,3172.9333516493807
0.3143114944139313,1588.9743953959562,2500.0
0.32243138105472935,2597.9127138276644,2500.0
0.3433220497270111,496.94109208140617,2500.0
0.34215208208139614,1325.095614001566,2500.0
0.24489322528171634,722.2952540455143,2753.8090622198024
0.26248699840339507,783.8303346927842,2672.1064018095926
0.32060141068834636,743.6409444982736,2500.0
0.32055143803648833,649.2123728972679,2500.0
0.32060190745224193,1024.5575019584899,2500.0
0.45410925962618887,660.0266551372969,2500.0
0.3228356204277267,1144.7982411647633,2500.0
0.3454226256072239,975.1938036871478,2500.0
0.3381600705397281,887.3870587888621,2500.0
0.3260556500522319,635.2213037128874,2500.0
0.28738923021438617,749.4724909732575,2614.646075901501
0.3303587688197307,1458.9187992397833,2500.0
0.2690869914184971,1284.6143978397633,2667.9175562009773
0.2905272557303996,613.3757128481514,2591.8452611291737
0.2805854580868358,1050.9201909519634,2601.186909029592
0.3032749655754529,1456.0008909432706,2536.899190876003
0.39258634266694037,434.0035172895868,2500.0
0.22530939229633007,1312.1671668852866,2943.920410527629
0.3274504076149805,717.9812105168475,2500.0
0.23549136515241392,1330.1601310827423,2804.4012462159476
0.28112272536842264,682.7479110319811,2572.1112470878484
0.3435580238786946,405.57841307132213,2500.0
0.3025712007638185,443.18356849063997,2566.122603467443
0.25689020888282776,1024.333823835931,2689.405954228198
0.2713878516296013,1138.6703828281416,2622.051400997201
0.327183909957387,636.2534348463801,2500.0
0.2707853347313145,1376.1589232483248,2578.850800791714
0.308658343583279,435.71800119721513,2500.0
0.30182287359615256,967.4999562250197,2500.0
0.2739359860957673,545.7970367652408,2591.930191265957
0.385757763573013,721.8643389745921,2500.0
0.3253567608927204,1023.9823966091818,2500.0
0.2189942965336957,650.3746596781633,2982.5535419722255
0.30745817259077707,825.0776530936664,2500.0
0.27352854140926447,1653.9169845248346,2681.573412877507
0.33409733339184894,749.4273220190632,2500.0
0.26829917046269197,1518.6868637247449,2656.030962203918
0.295410542341324,568.4434589279435,2556.68826290171
0.32019949115921825,1303.3033617404012,2500.0
0.33463020776680485,2056.045155881152,2500.0
0.25198814371776895,290.5957217550318,2748.381891821808
0.286619950566362,671.3614403903408,2591.522810368597
0.28100218755356177,1334.4724745236608,2609.4474944275817
0.27386683069705153,903.4606768570287,2753.430853510287
0.3706181696112439,1203.9080056327243,2500.0
0.3161992684384382,739.3435409222409,2500.0
0.24956464182659818,1044.245790993137,2721.0197645457706
0.33671447788219105,925.1137114794252,2500.0
0.3848862478805053,1793.0014993196119,2500.0
0.34129861042204584,1135.6559592428414,2500.0
0.23922520136183945,1183.884914371296,2874.899205590296
0.2806306370853499,813.88314234238,2568.3094998857764
0.3506764459674649,783.6419087346932,2500.0
0.27169322137524876,805.5104574356233,2665.104670943076
0.31775277712584915,1218.0193686699565,2500.0
0.33098536213717344,810.1853418349267,2500.0
0.26292278113687667,1155.9094404242583,2695.532245358182
0.297618985757528,2822.7184199390417,2500.0
0.17034930639723708,1545.832115913392,3225.6287280803176
0.2590244943466284,849.5811921121776,2794.671411921634
0.28989727394427356,1823.2250912928737,2519.874195754413
0.250088672721406,815.4316398349358,2730.171558396171
0.3652964521572654,360.93324032846755,2500.0
0.2427943448815747,604.0833128008778,2802.7511150914775
0.28239822053212066,392.4304478025067,2620.9361109730385
0.30522962309144364,838.8220086675319,2574.362111481099
0.3576509315626446,1009.2517246521415,2500.0
0.24256551395282241,2312.244403634359,2747.2575680089653
0.34652655008619837,1177.5825927154588,2500.0
0.30040932244078344,896.2371144051281,2500.0
0.26073965395808196,1513.9207223384838,2694.6453815659006
0.3184841389705308,331.02292224613785,2500.0
0.3079623878229388,1125.0272741532442,2500.0
0.2759913249136482,1470.2502096364276,2631.232773013704
0.30279208339960073,477.45129565591554,2500.0
0.2845874561255296,1771.5892438280193,2636.4823830447563
0.3045406938100499,1184.4140784565311,2603.6431522434314
0.32648522698084187,812.4962688686899,2500.0
0.3634406726458141,1372.166576055518,2500.0
0.25048738004692606,3112.251530052312,2799.7711436188233
0.38532133498625065,1095.1957643628718,2500.0
0.2219164880190999,1132.140731481129,2982.752926191302
0.29392859619857664,794.7875364688275,2559.553428273415
0.32353268825938303,653.8206603800382,2500.0
0.3112396747094013,1514.625037415135,2500.0
0.27509201920717624,651.7840960291134,2679.975082993264
0.291675109985709,1036.431039508777,2582.648559131323
0.2802799626136467,787.5497596805988,2623.9638884871315
0.2764254097222315,1270.6008678491924,2671.2066858683
0.333984083880841,1181.5546279137536,2500.0
0.31428061943860186,1679.9599807158108,2500.0
0.2722836161895738,774.9101441155842,2671.017413431613
0.33598399501733,873.7705489083994,2500.0
0.3122919808350644,613.0052014219426,2500.0
0.3325144847535584,800.7979346938738,2500.0
0.32518515367694445,1207.6185098384178,2500.0
