DT,RHOB,E_Lab
56.546251837506375,2.5375760307279385,15.50648629243287
48.8570082573675,2.4612751818588667,33.19156799254463
62.49256534005026,2.695810407004314,21.65414249564093
59.894120960682294,2.727341333024274,28.78613241880474
71.59766182025504,2.5264904152024568,23.124590623948134
62.385221908019965,2.700097391057006,17.114526048863464
53.36083173274419,2.210535042877541,23.907334070844406
47.23073179814786,2.400204531849625,27.223897029330026
64.9075023612717,2.502757596596612,27.44257289004893
57.45922303242339,2.525194791713553,23.26631152053794
59.40802677795027,2.736109229222638,25.38647104391378
55.13095279894421,2.475540023943531,22.16712642419849
44.001015910680785,2.564782699808273,29.147262041224216
67.26592553922444,2.6365306860337854,23.055143151380758
63.86383944131504,2.4991887321042934,20.950035490641334
61.775027606576806,2.2014942076313577,26.66682902535002
65.31223343384856,2.609614484764237,19.5567187913309
50.03354551980112,2.2557820076612063,37.40708916393352
75.751032573229,2.486440582751381,21.03733428607331
57.45080858759737,2.845500001080823,18.398549989917598
62.878143221694295,2.444439675398429,18.08814329195093
65.96936828311664,2.6287079260691053,25.38470973543775
38.201127437921,2.4559910705094827,31.530309937618156
73.40303090671125,2.449685529489063,19.94702975934991
60.44986160774877,2.600485494544837,21.87369426318833
46.40603634152008,2.70186380457967,33.62258958461028
57.10914326050057,2.533121675857117,22.669675617899976
81.83800013984079,2.5402964897297875,17.041210961001607
58.08920791249116,2.1340120975296486,24.748399445059583
48.608332687482005,2.514295301765555,19.200157975497667
58.68078824301507,2.3459240498254275,20.082803213617435
63.08297905796822,2.6359171520604914,23.253269595279804
55.03707324662442,2.530259862673044,20.287575822953755
55.17654032598829,2.7215389901722378,36.250027711221655
69.44860423212253,2.2880197744196042,20.136213043202375
66.6696246168485,2.4829390332738055,15.410915359488508
59.953011085622116,2.8270503135504073,24.33286309045819
59.44764910389033,2.5999000590293764,22.606988360537706
61.17083087361222,2.4352482417521166,19.190566395506846
56.53291598168064,2.438029940481522,26.8921980268461
59.918981770565644,2.5898430857394406,26.993055576805588
61.09212560722424,2.768710006679556,24.480815582927075
71.81408756557474,2.454920551992003,23.26305422063087
50.66815712145663,2.6315556129669657,37.62770000159003
67.52028585361278,2.607838468907932,23.502802779432468
73.38233267251348,2.543909833954114,19.832941507897722
53.14481863877735,2.649645135591184,26.641595918620386
61.48788754439102,2.356109448913662,24.93481356975729
62.014455485158145,2.5380118007931802,27.066247715927247
58.7023686350761,2.425391425817556,28.91176467433445
56.17382320600217,2.701508846994126,28.1232910662499
52.002149434367794,2.9598932762060057,34.89702421603832
42.30359369559921,2.4347422245197974,32.697267350486165
64.59320477863355,2.658494670716352,31.217976140222266
33.81980433727354,2.5009682917671556,23.764085077683
64.07770812580627,2.3867529387104334,19.32663584175045
67.31913038334098,2.5702610136507347,23.11805081598129
51.736520202681916,2.637104930761965,21.782372051350862
64.50268998233223,2.503255314668288,21.872888543459705
65.72054205828348,2.6231388183387896,22.271767472777615
65.72962151252203,2.536742135558027,30.83269787185261
56.44389277629705,2.618645642672226,20.516605599149436
62.80250750139272,2.5581199377416874,20.5567852643218
61.619894318062094,2.5681925810052797,24.338003167978112
53.539239466107986,2.5511305685862418,19.55422737348978
55.78754664169438,2.6487878086240007,29.599971675837097
65.19433649806675,2.964028409147618,23.463386438371792
55.67833775307412,2.6584931661484097,26.43123516806268
63.60512635360828,2.6267663011716618,14.254284691198666
60.757702772950104,2.448911167297221,22.094099921088265
58.126020322452106,2.2030498120902697,18.693682789411515
60.91675522991091,2.3524422505016314,26.939154104558156
62.72935982819654,2.636012959683568,17.01176589348528
60.57885950404127,2.498062402109661,24.74989165477957
61.46596026493154,2.426103092347699,25.8950036124102
65.53747424572913,2.5214425370315787,23.5625267679063
58.68875468704668,2.489541588207301,24.335143831481716
61.72215025207251,2.478384957955611,25.50238672377928
58.4896052373912,2.5112818019943033,24.492336402011546
63.32534600863563,2.4853337925369456,21.51871673669701
59.10561963501294,2.3410549856792127,19.28623685944658
65.78226093682578,2.443508875777573,17.553617980781237
68.9409723464942,2.5125338781538273,29.415215107079597
48.90980523501384,2.4819303790079834,22.07138247322649
71.25219820451844,2.9464061281951475,33.4119742843165
69.54194593581018,2.5043825998246723,22.301269198812992
53.83040148360535,2.4985147147729645,34.5670745675296
79.22732411585582,2.6873382298908033,24.029011414655436
61.92760446158104,2.385358357958082,22.867316695425888
64.25128966352955,2.491010620314772,27.0903334228178
73.68141382081724,2.6928347051241914,29.69335874244336
55.02113415875323,2.7251228810357,34.224085085829614
51.1813785691209,2.53621126584138,24.590161833370253
57.422542148778724,2.669067296146573,36.28113029146594
61.4375991507475,2.399561869094065,18.18872842392347
63.188210346379094,2.5729318699807036,32.01333113475667
65.67690942921757,2.556904296647821,25.176580446039676
73.63414880781106,2.520045965145972,21.097953446586487
53.82571712334599,2.509043711689549,21.5611245681862
50.328492263557266,2.705321311077159,31.14831742054875
62.561093512153235,2.5728122633571338,31.748271604936456
59.8227556856629,2.7663186471734154,28.611886733501006
59.44662775583966,2.4794376058585192,29.0204641416326
49.10090020528006,2.4456746780387704,17.505895761961497
65.40039260363973,2.4799605301310725,28.268180922103376
65.25925082330068,2.5927360840186844,22.34484682739285
57.73742586353954,2.5622593714657462,16.378188624973653
81.75805434332946,2.8535667717718165,26.508966233311025
50.52757186506027,2.540373003014414,33.111990191571024
68.19005926436478,2.5248628827251363,21.8175795035513
55.391478905502034,2.47284397766639,28.472393207896342
53.164965344579684,2.569089093099961,20.210100804818545
50.64577447964611,2.6568176881731422,20.24027085472354
68.26879155913453,2.64244827376579,19.15043625840315
55.15250876809799,2.224042360185103,16.27265956050718
56.140102817827035,2.655976852463211,33.5985178498019
56.78346205901366,2.686701297585607,24.356286232961065
63.44528092477537,2.510407110287677,18.174479970887248
69.44310498613176,2.476882103223452,15.010005629234236
62.87366710337728,2.3468751590448576,20.491033213573843
70.31388168073484,2.405077237467737,17.807411892603596
71.12734479050465,2.5530790336540155,11.981485622850563
56.91954219340704,2.465287862586033,20.47528345569752
62.994385958238354,2.4696473793477103,28.186202844369674
67.55399425475575,2.392060176201091,25.110294281192544
66.42884514721462,2.5468620078644197,28.947064748526564
61.45550148991795,2.559037163407269,28.968735017412982
73.12297275041401,2.482476722014622,22.42555412198287
58.73239973633096,2.642154719698274,18.95689139408758
58.91616317285097,2.6165668492324663,27.250181766026135
63.55745007420169,2.5626269108495756,23.009768237800554
59.374157859447074,2.3501278725515298,23.955495399693756
52.707801718338835,2.546320047837318,36.525289147775254
69.45673698784078,2.4989209350073094,25.705314294980337
61.04327506413465,2.5574909409544593,33.60599299002199
68.58394815735788,2.523771451640268,18.598473056970388
70.36431851820575,2.560336336279314,17.54655452234006
51.194143429882644,2.642328102600083,27.12523543664215
65.3957934811932,2.4753722027558114,26.057250315415377
57.119192780763065,2.5779464051424363,25.87577699270389
63.07709410993193,2.580259806903328,25.402342491734842
65.98901796970661,2.5684281796294606,32.37847796570516
55.320717178266094,2.412327598158919,26.05555801539247
53.2672492420422,2.4778923117017007,22.121823733392162
61.07961237435315,2.65451236456645,23.624073410191368
58.558637515463715,2.688863230783869,32.317966600150896
56.956915057741085,2.763681175137948,26.588168554218047
63.69631835562437,2.7303139826034784,24.167573000546575
59.81895795421702,2.612214369948167,16.369650157793938
64.88290099493209,2.545593728090589,28.521752956084587
66.1356461847913,2.5955251040720912,23.707770019572727
55.576300126302826,2.6770614467821208,36.421568165809774
56.85394503010545,2.4689559799329746,28.62542228808912
63.45616480115282,2.5121720177015914,32.375985186270015
62.88913439207126,2.484844626743785,17.86561959517185
62.33633515777115,2.64492998738009,22.61972653487505
72.50821011253541,2.5587923927084826,18.988881715099403
73.02123082096362,2.5898255429872514,29.684471283677585
47.899926046896375,2.310950180142184,28.94170367574658
61.309639344483,2.5147710815021167,23.574201507876676
59.12896040308258,2.7163315105670343,24.202120206318316
53.1366530945308,2.414302201702449,30.09682400349597
48.1935533300403,2.503709178337047,21.743481249188132
43.36251737352238,2.6066026540100613,23.887154735327186
58.45401684568436,2.6711897229691313,21.78829155424072
57.012232702555856,2.6415244588537465,20.961804031342755
62.33237201196119,2.4519127301906876,22.35665456310631
58.19538863627547,2.2820439263886874,14.677101197564003
66.4787015694707,2.29541009087033,18.127391747451675
69.35160079994125,2.510071420774072,27.46958823653433
54.884690639074,2.4320147229187397,35.31598149033861
56.01483575495467,2.6198200495052397,19.159853770526304
70.78234579595113,2.683457512671824,25.87600591880897
53.58534997325845,2.6970633084641227,29.953281944563965
73.87322391206433,2.5856271646788813,17.11037108029475
76.70775882734375,2.4445324713569496,19.654153453868325
57.64251266140709,2.5492876887825084,27.295437750767324
61.195732738082704,2.6255550498016436,22.382439650834588
63.548180575262144,2.518183844443305,22.263314015168774
50.44530574489561,2.676649930564947,30.948307406307876
76.65652046168175,2.567941517231673,14.317916879669456
43.40802220211454,2.668828124617883,31.59203376528931
59.93116860371822,2.5079639287320923,19.00367314298488
57.45366749759382,2.4378814842970695,31.321906915247013
76.24962620158202,2.56528427903083,25.136677283287156
60.998551112378095,2.4727497678817723,27.96094566540912
48.801408865618995,2.4609399889014676,23.431287229419745
64.48916465190248,2.5848823113356825,27.058594698407916
62.756223223973855,2.4766395078671595,16.021903055127172
70.59787134678001,2.5398991422911674,18.558169421890653
46.370398019845084,2.2996533008943576,24.17732599170175
68.16878900382522,2.765040014540386,24.382884117368693
68.86528971785283,2.6082824663317257,20.018475214157988
55.00722776420552,2.53680893259257,21.81158494163363
52.834824931543565,2.5575179234420125,33.32954525487784
55.032200312630444,2.6218380057358277,30.113872967439423
68.78125930619544,2.832810965452404,30.604233561822575
66.65801868157212,2.5301785166192383,32.63318018293403
56.35948090367528,2.7291614882160338,15.173645376166156
67.23348963587927,2.6403267768531644,21.755704153940588
70.44997919721433,2.3921589250328963,29.944490142787863
57.69279436397389,2.580285250318686,31.70773342182421
69.59660208388877,2.5728098290966503,26.701578207738592
56.88905776141743,2.645835190184631,20.32039314047725
57.25824341751048,2.5389888354455565,22.422239249109424
59.03185021959443,2.5455771845450164,23.332708432231932
62.45307563740952,2.6706168501953007,29.794771600835887
43.58576738199473,2.4070831026323614,23.60100697094058
51.5920040863435,2.574119353051802,27.101661529796804
41.28873429959337,2.6341965072249667,21.695660065844635
65.09926111040825,2.5823245806382427,22.507350671256013
70.12822346296086,2.636621983898265,20.96852356300907
71.67956319986966,2.5491614042941753,15.207284876828576
44.30334352909834,2.5991519746471656,40.63886930758337
60.422642917641426,2.4592969270752336,23.389662154041094
50.524863298089606,2.453420414743591,40.19284497021544
49.18369204012927,2.4105381739907776,32.57735365497417
55.41102188706799,2.4940145996503396,22.908050539001675
49.59071205338366,2.689875559391681,29.53722066134884
76.35928552644603,2.522328786802087,15.562085915465191
48.135268448686446,2.5426617061405,25.932024495025892
52.037681380457514,2.3562736637986657,27.255288577359966
58.5501031207243,2.6748205911201017,26.45719083204466
60.364258891362674,2.4161669302392474,26.81369804487707
60.137315833503216,2.5126670007739045,26.66415827513049
50.38907416246976,2.5258588537907363,34.6510633860372
61.84703077813537,2.529513869058496,27.09596054912047
62.100890672801285,2.5587323451416255,28.779882436177402
65.56662809185751,2.92982717389157,20.594386159834805
58.49155179382237,2.6555930899625357,19.526376769092987
67.52979130125902,2.6067551407618863,24.6218387846801
48.40989374245119,2.2749649183393292,24.74781791106354
70.37959264644618,2.4784172759220056,19.815159724097036
66.7330894577755,2.7141380449368944,28.502345649597125
62.51847312710797,2.5311805760696497,20.604677089600045
63.649234791966954,2.437138275371898,18.25387851893698
67.72552669004719,2.626890109392183,16.592906116302153
66.73718884582432,2.481150061766717,28.97121125520048
51.572714330053486,2.6947800461495515,24.49843372858398
68.800926783371,2.5626477098114684,17.558593690420643
61.703824764605415,2.460516334355201,25.354325238999824
69.25441978811283,2.841671210984457,21.389516410899233
63.154123609169396,2.5908753188973352,27.583265278987326
52.0737539314098,2.5082338579842625,27.95457559069981
51.20335163040348,2.3800390675483,24.69352653813539
63.391388144776414,2.5524541110906434,20.979950263385593
68.67061924587027,2.5421718084083573,22.51988256325636
48.025474924485565,2.4586510166864155,32.49582488724022
57.205568992879726,2.360497767107712,24.821621088991698
68.41710729648103,2.4919790418334973,26.404986231311433
57.04116638445803,2.565937819484951,31.93486512885243
74.22789048015701,2.7353639250813693,18.71292499083735
65.32838968615837,2.5359748172681376,26.76820191735103
69.70756192719436,2.618471753521488,14.903543222544059
54.51392423116785,2.7280946264854813,29.261510844153477
74.58391061492358,2.2604203536516527,26.609736668523794
66.13432667033405,2.402708318191462,27.138662097407142
63.17779911739141,2.424805052277459,18.130056288117935
66.38505497392413,2.7046792101424124,25.65384082399458
62.56572026203201,2.393144929538417,23.15533675360974
71.3526941654157,2.3092322712096998,23.970641634936865
59.6020723678637,2.6634768056954146,27.107194412385375
58.364024681732815,2.4750256263908206,23.35323920609847
58.968615950596515,2.493504298211723,24.385005836561557
62.26169907035728,2.444714954782781,27.379596786946543
61.01812675107503,2.4146475374691807,29.88906588597734
45.637878731242665,2.5848427657039816,27.802599986472305
69.28315964774727,2.6644889004750296,20.512405114768733
52.86973188138522,2.6773890897653687,23.467875975964603
56.52855250856572,2.32850973804321,23.692948303786597
57.55778712265251,2.5869155270074096,27.085121062123047
66.55407565975604,2.6958539881124577,22.480160569164077
43.49133521879286,2.49142042228677,30.953383946097922
49.222064586668985,2.577444206299207,35.408600794824004
79.6011659805522,2.484945516720714,21.869860019746348
70.93567464145626,2.4739118573600933,22.633324203109094
74.19951182999156,2.320919759479795,27.681239616750155
58.184743234048696,2.778876872005527,26.00987268465932
70.22848811919444,2.4832486517936085,21.86248477349007
58.66948581924707,2.683795411893553,24.71198982844443
56.77957318558339,2.3187931818622323,25.26928695017181
45.728561595984644,2.6001594440975038,25.49549614421062
59.635514077947164,2.5063442642841998,28.40907140607946
58.13060420487075,2.363289614715443,16.4276481575289
42.47431299981616,2.640365660810159,24.93405587604947
52.56802817910393,2.4618693676618277,24.64210691364267
57.907825699273296,2.4350999144341645,33.50791721356989
51.03495957365526,2.5128002746723133,26.68803890691824
66.2737294378895,2.485679457062555,27.38217271909595
57.655235293254506,2.5118363488579276,14.211434242150744
62.71873471315588,2.6209660374633095,25.31648363988187
69.76382746786906,2.5268831370932796,22.23568391258885
63.2338365109659,2.402159273457965,22.157927804887482
49.30033507031693,2.7285314047371925,25.43590597842217
65.7786683211586,2.7512973407187187,18.184905599104113
55.610569318941465,2.4425110835689328,21.669761869696334
47.00076166328419,2.2419049528079737,13.858673346244425
58.56629422185704,2.595658602550023,20.276017485537366
63.956131239627325,2.4800842510800374,15.466446304418552
63.48780017328032,2.558499933091408,28.449291604518585
47.215403732801484,2.469469943073686,20.856403417601047
60.42663566004082,2.7184021451009244,26.845697419331543
68.31910381923677,2.455854091423722,26.21693990702261
54.879286215872554,2.616751212204704,21.539376190767026
60.36730308572453,2.622453212222668,18.400409070594172
60.839200245777654,2.7290946125008473,24.505779133341093
61.69624285267806,2.528331408383064,28.188173873066773
69.27876282224042,2.4727050536018,22.091726578894047
61.43376854845996,2.4954035120525986,22.305773578463366
49.95599139876867,2.690562817263612,43.23319621855039
51.85670229736496,2.7161312445508554,28.05874849429364
62.179381159059126,2.7686529312656787,23.91724844583975
44.24914572802968,2.500585096351532,32.331920824122804
60.32878226784338,2.5512824692994718,26.063568844593632
61.01835234162051,2.603783492781978,28.79503152155317
64.29513975336401,2.5631321862992023,14.726828525116083
57.04065465382902,2.7289901770010063,25.016703934063433
60.88157585343729,2.7123859000643837,28.401586310150517
54.365778543997834,2.662269833576532,21.809928123120418
54.00060037009111,2.5305387954289533,29.20870695921047
67.94522118849565,2.5170454771557402,24.67817256225605
55.695527201336326,2.5346226363181423,27.205304816987383
63.029807908386886,2.598678934770853,18.156770077278978
69.31610685007162,2.7643463404765556,16.601120286823928
73.51825499673706,2.648843184625592,16.460336349017677
72.01087965645453,2.43187199470835,16.877382971997267
55.308944738263826,2.4615387922781196,26.585280516258347
48.016078889996635,2.513622186604159,24.517846022213828
57.841089960075124,2.714229124534593,22.202635252345754
56.44932393367125,2.644046140957283,13.608009426888444
59.6649634586756,2.6740273625485202,17.222636104673256
58.0758060760765,2.4962682450976104,23.331850269195005
59.15541854206769,2.3850834791784545,13.034098788566949
45.41099363531387,2.521613420758758,27.075483030007696
62.860298913458216,2.6210268412238253,23.362728752921083
75.4003482882205,2.7061997861270544,32.02076714856461
74.61737594122633,2.6165938261535717,18.237427797425394
65.09323187420206,2.6550813641285624,31.274954649895086
65.99620697455825,2.5010331341542607,28.63839053692532
53.97206079982332,2.512363131007452,24.694278972945355
56.511764348929944,2.5631189820668108,21.812252686976276
78.22852764829403,2.4998662138023633,17.43284846416548
62.88783033428793,2.59366196741054,18.428922686403954
70.6886614910817,2.588246235105355,18.022383908724677
61.080128771815225,2.415578289456038,22.719382144823964
64.889943929842,2.7329974775463266,30.087670298121786
66.67093863116307,2.4391909712167554,13.490209137637093
65.63436150856371,2.671510689005026,23.113332358823975
51.76449634275238,2.473574499339816,28.606436080883647
58.39620192204615,2.5646108204868865,20.250710380886055
77.79253053502217,2.539030263199061,18.51292508631761
60.1138847939857,2.3194276118967583,16.10971379211947
70.17018331503425,2.5891247329211864,20.824272231699304
59.36210617263748,2.405762445665086,17.48107790873844
50.485061012675615,2.2296357307090715,25.199269397873554
53.64556195203933,2.7006914326153773,26.01961006001608
48.06004642462621,2.462955127178841,24.956200912036806
45.4680685854777,2.315612353953473,21.78396554881381
57.57001136463128,2.8826758204739718,23.729397036026388
54.16021555681216,2.6715795312053823,20.577450213141276
48.93507580740755,2.504657891924632,29.74774452175439
53.75795129738863,2.452720535992352,20.737904101348022
55.374752590509274,2.611761300392571,29.464776744499815
64.15303443281259,2.263951277027894,24.702909339118182
64.35367887552756,2.420207133057924,17.941194696298695
61.16759973340468,2.482132362386909,20.361613952544502
68.29799221766862,2.5798086991227698,19.4735387746147
60.70218688656129,2.692793534951795,29.00666819799936
62.13358552049687,2.588426805913702,28.572827676352397
52.007284451331934,2.591854864542885,14.123542550664865
54.517831185752954,2.443620452110231,24.402577897265644
59.58937635476626,2.500742559089293,26.86756000597479
56.94597372317475,2.7330481398341258,29.441456952033576
74.37950828564155,2.596675810451101,25.185043312304423
64.83419529905699,2.4984939550167793,31.951585831296015
65.65175702728813,2.6043542704891087,26.865867461609213
58.90661722614428,2.478252484565534,12.291975058454177
63.34410380601256,2.5772356730470114,19.146178282208446
72.47196720194081,2.472703403357234,5.4551983510709565
54.71901647241354,2.7943929444336093,23.560404569706634
70.08159560947097,2.398169960458988,30.12751729753671
48.281345618941565,2.539236618411056,22.544771649521888
64.77559453489694,2.577092684591271,21.023238421516528
68.30580623304854,2.7265627565974566,23.170628812043333
68.16121493791515,2.3932124718604073,34.94952308946383
67.7608494218471,2.479487535761266,20.375659150434846
48.5580898653708,2.5552056871747184,30.89541249764457
57.44442864231816,2.6811950912262774,27.233328110418825
73.19821949918581,2.8787273035551832,21.057680258802506
68.74441124541306,2.474146968400355,17.24736327222988
55.25103140315641,2.523188611790052,21.860300877872024
54.29372207540728,2.8245927079838555,25.12653310355171
63.926227966498644,2.5666440321927504,14.240924521189369
59.26395266694212,2.4256266081603703,20.565819663595175
58.673685394318156,2.6237668980021986,17.595561264790646
54.35323574961564,2.565394419621541,22.462561341014347
62.46267122320198,2.446133240951883,16.064991640239448
66.89528894436093,2.6455344605468856,23.299970888159166
60.21363066353163,2.6305902475898626,20.092981443805428
65.81780897028489,2.4972748665426066,31.23784560725126
60.24072727344751,2.705597259897885,20.493187180688277
81.5932462047484,2.365635683083463,15.777346225154046
65.51644734676275,2.533497229566731,25.497866487023323
71.30821023123747,2.5587143549429165,30.367971687396793
46.98967118199609,2.7389964410271017,30.153864591181815
54.94016990348903,2.45806769462773,25.33892541872689
58.7742383125343,2.62010065425545,26.88540078063754
53.591323367316946,2.6255635877804693,26.01574736851165
42.88908474918925,2.66389841364429,27.12217992822597
57.20820499975035,2.6360555529166785,29.11254033435655
72.99061053693552,2.6174849253667314,16.54902870473565
63.72859572195887,2.5039563583635025,20.912894424225883
64.38168460072035,2.6386263347544925,16.9309590156735
68.23858679172183,2.653544199356239,12.324837672077273
58.46843262717323,2.7208394961636104,28.71108761899971
69.4069156094978,2.4160233341333854,20.31866755897077
60.92534770453833,2.469805198393675,21.735899290205214
65.56811126461432,2.5901101218202522,25.88136480856076
52.165915456698166,2.6020666041693596,23.315688341388693
60.65952954491619,2.610543926288528,19.692344641853353
63.34225904346004,2.448365630542202,23.790930873661342
54.19438579638798,2.446761356679225,24.382124284452633
51.52986063651265,2.549770849302872,14.985205961077023
47.14098312230427,2.7908585978739238,36.50124104460858
63.412397270191846,2.4654321823282794,34.61060138649982
61.91098416166622,2.3602503023564627,21.51949611648971
67.30236246213231,2.546526651529994,19.299180944679016
64.60041512166657,2.570229623471203,19.84540537496021
75.68540189729116,2.627806270933127,20.606358634997697
62.61798361447139,2.247337895720019,24.82455889390158
66.97325707907254,2.274255973374402,23.218811010531937
62.94953421928846,2.687475521575343,18.367223302990464
61.22875759128928,2.4090497654219116,16.836366415232412
56.422794833141836,2.683476385177885,39.64614477398049
65.16271675276597,2.521040214011393,17.489859247987155
60.675068102281465,2.5562969029160327,29.481859527987393
51.84792761499861,2.4321511007468013,19.567754530760332
61.46391876046143,2.556689797482256,26.79020534356495
51.50955676788562,2.2812042197323272,31.47653984903074
61.61601204189654,2.513080108377513,27.631187321598556
68.86295763210879,2.5764243166450624,32.69225434385811
65.8830833935774,2.6105736801082555,20.909058762767266
49.34236729699316,2.483349330481675,33.31978881426207
48.29161747269768,2.6306395064031842,34.66201095021278
40.66483870389267,2.7755697625960787,25.235508804610966
57.10923393312681,2.5931418045440724,31.7822571178309
59.78895830028912,2.453323638586973,22.858332485448944
45.34360738269087,2.5675290226840595,25.52558435070481
54.85788726751202,2.4653018105194984,24.229833943053798
45.8220160574993,2.748144419433854,33.213811025938014
54.77981436232299,2.547067085324793,28.453459741079293
69.22132715746939,2.4751117334969748,27.164459850758668
61.0933590938029,2.4395227014458327,17.209709707153237
72.8114405820028,2.3421186586295257,12.640206053305555
65.4726380613052,2.6256196071210023,28.237241602049206
56.32914275457757,2.387437350558846,28.238909023044442
72.55854465148418,2.6044543789814845,23.71622407668231
67.0696429083796,2.6770293202257873,17.671218329286997
46.18134456042374,2.5746261105035892,36.55879916127353
57.17582412227752,2.4973467747022227,22.169634423646407
54.03549242526066,2.7317932029634253,21.470854832811934
58.23523894688304,2.5577463315470776,26.688507394711653
62.508252040574654,2.6077268292780595,25.101216091381705
68.98814009382731,2.5224110622374436,9.284479820997802
62.11649503570067,2.781683507045116,28.02221854785419
57.63987510072265,2.557316002131507,22.070124742995592
67.15918628742686,2.6216563936757225,26.940057811431316
57.65277068791097,2.67881541858082,29.81325568455003
65.0629364730837,2.3938221937184627,23.619063337518213
58.344978187403854,2.5531484353733562,28.888272692010815
70.11332906984367,2.786229465539276,28.802608212946303
60.68432078011384,2.3238441271315127,20.26611825568275
55.584077892254214,2.49621906688442,25.371779779467357
49.894197183813816,2.656119864856461,22.37279786245902
61.014130393181944,2.6028694672127903,22.095065118174702
56.067563307997844,2.6444231158567435,21.944382830166337
70.86067267804322,2.478431536720749,18.446771715671527
65.04794499681616,2.5556995988946265,27.646342522539666
62.10256481781551,2.5731476117584036,31.90858956106164
57.51551170297136,2.61096061334805,19.763557501793805
64.8833516373036,2.3931610825824654,21.853862473862115
52.16107310603554,2.508986515948002,24.700347462860496
43.92670544807456,2.551167403705137,25.774166156898502
49.95799429187238,2.341551367976978,21.354963916772085
60.654072360777164,2.664777903097502,27.57061257408731
76.97982296617063,2.3317310288268045,23.60087998106516
68.6634473524799,2.5731869466587742,17.608217831050506
61.24819180488009,2.713309098941088,12.92384571193338
57.65528383798739,2.6660903914689187,22.36576712163586
57.710356476290706,2.546288640309968,16.11540613872134
59.66300123541125,2.4361298405143494,26.514686408138523
58.356410778060045,2.5935070451753623,29.263742893361638
71.14770534681097,2.4958956480628705,13.725511095456556
46.66784982349835,2.4797052638123467,30.461545034557997
68.91918812481589,2.5127799970056475,25.871376090462803
56.833198903844334,2.5072468996416797,27.270643019499754
50.386845630138936,2.4860201305524057,19.323110063767412
54.916068944414796,2.4191885835556732,20.608529368216296
58.91500476692779,2.577350969395588,27.005702693411344
70.68110058557326,2.5412190438751856,21.959339289472762
54.379579839763124,2.655279588850043,15.597430015520724
72.01220635340839,2.7488302683092956,24.34238322895031
55.18540311055463,2.7026558727567584,30.293078210989982
71.55520550496624,2.708049912206406,24.55167905812634
57.64271065306727,2.635927077332701,27.149024633417845
78.26389409119317,2.5963712584967085,19.2418871606038
66.57837597815117,2.507135477216155,26.94453047099698
58.07999263210597,2.548717496880169,22.69669772448278
74.00798888229178,2.3904020070529106,17.525011947473754
61.35949805656129,2.4712337109398415,31.286561772952453
50.84994221661404,2.738953535883948,37.65271719107953
57.62442864071906,2.651743927722437,24.052713191960486
49.08462257898832,2.579822640236145,25.85807819538764
50.03807697381775,2.582447306665073,23.27972812865264
67.75173986628722,2.4568422563949834,20.480192207462544
62.063603710260224,2.662589065867689,31.160869338714313
53.64071775948092,2.6306952931345786,27.457433716629684
63.87627307224583,2.562239525931494,16.92098184524265
53.84178036956087,2.4198883270991085,13.3367951222831
62.22570616650859,2.5450048916686727,32.909100889184295
62.23094053227175,2.7407313612715867,20.655624631047143
67.36798784377532,2.610442994142141,13.454331574213196
39.27997049068047,2.619989155687777,35.09746689127402
63.9749792051429,2.6084306274427482,21.73003328274371
71.4398467646001,2.380927247264939,23.68289426316444
70.85593466336739,2.4659471167166434,22.738890826356023
66.8754733726199,2.580936970536968,17.03234171775339
60.13988136454173,2.6323517502638816,18.864161153006716
59.227800090282564,2.5324191951230532,24.594150977457925
44.21970673533737,2.656587815079346,21.361595576158958
53.66447491079924,2.6725928151392844,26.578515611199585
57.30879959689527,2.486594306259898,28.21753919752565
48.58499062579432,2.6018318820804684,30.495616679396786
45.59799370013951,2.3041868287247906,25.700481354242612
54.149879903792915,2.5848543412698444,15.257360614783991
46.94856576213215,2.545919365685278,24.966781466033815
58.80770194437428,2.4997284165766067,25.276492296057928
47.16706871594606,2.4725532930604106,31.97058935830613
62.092679557241404,2.5619185487586553,15.05680148809377
54.294458865430556,2.484193223705264,26.336570284616926
52.76954553811454,2.516006567025742,29.711455569779453
57.861527055847745,2.4089743960595333,29.69604230294191
56.00184023547925,2.6072805851920324,25.27973426061778
61.610165885762676,2.3756871382058304,20.973808522178455
58.15706459694577,2.3907844416231288,25.849632378730462
58.43298327580411,2.7685780635109367,29.804795674360015
55.46452500129388,2.616993201877578,18.028164305315027
53.881245957381665,2.7225238939289396,16.271588089602684
62.63044181291789,2.501759061400528,26.705469655494415
56.414091868266816,2.442331559567829,22.462236842861184
41.61893753826166,2.6105294393970517,32.19467578807487
57.48318390192594,2.795575446004367,27.669243845965752
57.0323308899537,2.3079643244909502,22.543315171425363
66.66349161884348,2.3977079240626167,29.501172551003293
72.0632172838702,2.314927724385043,20.83093372468836
79.88687675954017,2.3980112883577274,18.016330910506184
55.342150620475316,2.532983368381438,24.496581096729255
66.04778042743033,2.670995492254129,12.095676110027107
65.89871901268711,2.6365468397943133,24.394899848643096
45.48685810583458,2.541365582404003,25.39515238464472
43.957166494840436,2.504308037782154,29.300334167457407
43.19703899927008,2.5578381361192313,29.371315613985406
60.50136809874659,2.2986756168052063,15.729057763385196
54.57356024922166,2.5631636118686263,30.249702653018122
70.25287210829232,2.431249035786905,31.305937965273728
56.60794843764788,2.4593992230329045,36.027173990029695
71.11043005617634,2.6129646378430635,21.09729865140958
64.9785440332725,2.6445738689140854,19.479891918827157
77.17310516665961,2.6175118282465024,28.813305249877345
41.59513163123084,2.5117354043964326,27.11817943855535
67.56178442026807,2.5111773347623223,24.201655499874605
56.92841149413945,2.602642661016152,18.823551108084075
62.801084671164574,2.521657224702644,30.122493586043902
64.89777888212032,2.3999499929791366,29.8495209155679
54.69157920567182,2.690506011849311,28.678440462176848
51.45431770535604,2.4940008735619137,23.15112906717025
72.12367626199222,2.3556110778382684,22.605463930891062
63.808307877930055,2.3565994335503597,14.895935146798514
68.96338664307264,2.5191354853323897,12.686361288869689
71.88687371918525,2.6912232311674305,25.79776151018877
81.89209375241532,2.7038680652065747,26.699782082664612
63.03165644937877,2.624058029416843,23.02765476787897
54.0518078184652,2.403524342528866,18.237144536517867
62.0621360536171,2.56248709322496,23.290297391408863
69.66784730054688,2.704642434533624,21.235262167482567
56.42978086305693,2.4096402872904794,33.63624790249853
54.191173618650325,2.512511940637632,22.431818793623858
43.762974641632745,2.487871111146977,24.961672158928128
61.848981379751415,2.8140379858991786,28.532983143348268
59.50184589500728,2.6987216728478947,23.998790945246977
57.005091528187315,2.632311245466438,20.081848298308127
65.83741692434245,2.781296625408815,19.835840183165846
60.718059913584085,2.5915242258872806,26.398375735433614
64.60971797352802,2.5789371405585855,27.44412344862885
83.69842764939757,2.7598758087430264,25.159389866105812
69.4756881920707,2.5371491839593494,22.939332635472116
61.479281054360335,2.385644698352813,24.57375704646626
60.93442532670104,2.696594923912782,15.900281393280892
56.531631935356174,2.507173576056307,33.48807058981085
61.410682140879715,2.7365828681361566,15.691975343659177
52.32418219760906,2.279782894315138,27.196083254629766
60.836039701682786,2.6922219264351526,33.31188981817903
46.148234749428994,2.601009161644508,24.074760600581918
68.5568701683578,2.497778575140672,17.02009794385723
74.76239767781405,2.51727127537435,12.94073242052736
54.951125137022785,2.623973631726997,24.69132045032176
51.53159564232541,2.541477413628723,26.468718783581405
51.022494924278185,2.5889936168054204,34.77090042369368
64.79757469053163,2.541002718236526,29.95912111089075
65.0028850458374,2.569267439775379,18.095012481288574
67.8558691212151,2.6379612606995404,25.051576256365845
43.14714252271651,2.353991664745924,33.853476746522716
71.43776884823599,2.5281423625120567,32.730887521407894
58.25622185405282,2.591096637388722,26.01791635533186
68.68419556337523,2.4782100385106482,24.48967997898377
75.45812446004429,2.766982548562346,19.574712389177257
57.0569298303493,2.4497715143333525,17.536731684860612
64.38110865854284,2.512468985593051,27.150690475166172
56.93272936585306,2.4663322806969865,24.87588017848372
57.73647731025051,2.6523859300316994,28.60764357970499
72.65429727632296,2.5930577805406494,21.98624096396461
58.220627038983196,2.782625870223372,19.10507156437202
67.47460110738214,2.458632555876074,19.735743980459244
65.53199146397823,2.4248673850966194,29.65500244052593
71.29035920491651,2.542826594695532,10.30151882524417
76.9000059400358,2.5807238052437067,22.250483789717478
65.65441945418299,2.6719677701596516,19.445660466638873
68.51310362046955,2.64431790480379,27.16022002116153
74.33027554414187,2.4817835163691493,17.700276103113218
64.74330349955002,2.528634745310534,25.537842570184466
51.80324690715523,2.4942926459546437,23.804260976030058
73.11890781538219,2.7322882820698253,22.80269598939721
62.201966793719606,2.4022336906301587,16.45358508008379
73.23547053751754,2.7097624167510337,18.37369009479551
37.23376281901016,2.4768675394579787,30.107384201081384
72.64964682984893,2.6039726512450967,28.55101144774119
65.53231628904891,2.5550790785663793,20.089321330160917
60.6382584087002,2.5427817857344737,15.221489808522211
68.34738521324765,2.2957182862476992,24.48324146439557
70.14774682689576,2.4357274371880835,27.509506332313915
67.08603251392843,2.6385256510063186,21.014933150848933
67.40583123011886,2.3025251616816997,21.137936078192947
53.196686825551204,2.755994971144284,28.79030129862969
50.74098133291339,2.6774183246847794,18.84185565778229
46.419863853284085,2.4628426092845728,24.91397934158181
71.11865488251378,2.7047206973424434,21.875841784948037
57.65675662275111,2.5212707139426107,31.211620624204652
56.16811871256686,2.472893759074749,26.888860220443647
60.79689469662412,2.770923669822838,32.753222719945576
66.5691753400482,2.704071787939987,24.23032007570158
50.93057275406728,2.473610075396798,32.8591448258753
60.653730540117664,2.5496536614538368,25.332775194662474
72.19099835232832,2.677315624212219,18.34427268742905
55.16815535329315,2.559918288241006,26.382136896334448
78.42978133213057,2.5429729638793845,21.57663828495746
67.73444661772407,2.4288639584547704,23.733904627020674
56.84711864939005,2.5552588034159025,38.20354344298826
64.87726284351837,2.727339526957386,31.82770897693854
60.08825576462325,2.551970630638609,32.293661239363274
60.97814170063243,2.5552122161783775,21.995446773722847
57.989730238223956,2.5799501290592777,11.577092863932158
59.417907655707424,2.5486986736582726,30.69707456478532
61.65354135622205,2.6481516715067883,27.414832643504262
54.637223289633624,2.592156016719908,13.336112071406175
57.237741806004465,2.5228226373642157,29.207425614921796
69.23578807666799,2.349812929500763,20.463875128169434
59.04060168137412,2.7777513574898807,22.409431111016332
77.9183064005039,2.4994422737803768,25.547422149222285
66.53722092185401,2.5859373545504396,14.314700418082486
57.5620896777477,2.5633799000502098,29.196423547538984
59.097690366792285,2.548372261194916,28.807740856898857
55.02787364207825,2.7326132442352633,26.633390591616024
63.53839721906679,2.3365346772027964,21.390562512094398
59.79547338136059,2.5911879222298673,23.098892473124756
59.34737622187905,2.500090179337523,21.061591258759115
67.8138815191547,2.517981001594997,24.45764685469251
55.36030954337746,2.4094159390492766,27.620037472685205
57.69817565511733,2.582290654429833,23.774649164735948
54.79446727486186,2.616774072299306,33.33789148312019
59.52764189856985,2.431023326735009,21.610732647465674
59.22004798325005,2.6463716615584336,24.68459849962067
60.40759686935999,2.5540248040031086,20.603769054626046
67.07126824027979,2.5536155120663144,27.295747110357738
69.3115393970387,2.508942816333489,17.735259131081197
69.858524202689,2.409863938012293,18.52107878371346
51.089607029952326,2.918138011550753,28.670366776025325
64.5325555568698,2.783265371717214,23.755560100600206
59.78602042170329,2.464256578224009,31.8657644873791
59.90002143845026,2.2834535963442275,19.181808330225774
50.06804933347797,2.7335776330352326,30.71281465739191
75.26454178462687,2.6122711726462846,21.719171246171637
49.57222796345983,2.4220653754512114,31.02053903497343
57.660733959776884,2.5192382924215875,19.32925322654182
63.904993939628795,2.499641917867387,14.697506805317527
60.725148758360426,2.6073420404265453,9.82083250728229
54.25310251548498,2.5774839316383935,17.415273463136323
66.84903756746816,2.3761041919630284,26.453172388610376
72.80861599605323,2.5513707822046925,28.953000529908657
56.55841408788264,2.395533557255425,27.636620579012884
61.47502455129713,2.5943545836729607,22.72730738762985
46.42542729046008,2.541210776689387,25.15078085791231
58.91341098907554,2.4898026280598478,27.09691820856948
63.892240639737025,2.550062631597315,19.789913118064103
61.013170066982056,2.5084511920961448,24.988255965706422
50.446963159571986,2.504623240907667,26.967511178565125
52.974955295964875,2.6097645725177547,19.031302823020738
59.317550090908924,2.5796242869468573,31.872313397042554
58.78874885151855,2.6344310363285945,23.507042884778272
62.652986782973265,2.731504116838263,20.587314552657357
62.85977317897707,2.5719972743456085,23.181087639094155
58.590387810143405,2.4144982805872486,21.863857333247946
51.693888210108554,2.6268003636924036,22.749436367579225
67.10423647943742,2.7359821415028143,18.01022368253472
67.02334584137564,2.606637511349782,24.350277006662626
60.73392683723112,2.4054502236647766,25.293002502950436
63.3293583165432,2.5655347440263836,18.9417763305142
64.64186360655074,2.5061779675585,27.06858894746403
82.576536461718,2.5177347001023005,17.982762292244868
67.74604580626306,2.5680181756166354,20.72451091775032
60.25440025553855,2.53271478665342,25.875885312713095
49.69261144988762,2.5377120771864603,20.175652037321512
53.37206812427281,2.412882395207446,26.249798564726973
59.05162536526724,2.6914331579679867,26.637791878178565
57.641687173200566,2.4575748991065858,28.564358943313998
57.71134069908515,2.667539830607225,31.928917510278236
61.99299805420988,2.567486626886068,32.75357970025592
57.51708578004225,2.6484345411422687,29.72028993370754
67.7855022540344,2.4121756623347377,15.400313702935517
54.682404229510304,2.474472489435472,17.016703475783338
74.31550046430823,2.5363481173792883,23.791778746640098
81.98647622159241,2.4803626720526357,16.621766549956078
56.22669057375163,2.5219523862633255,22.907918479370277
54.98789927809862,2.4305565644857734,30.359781480622473
67.04509224608374,2.5454222591181366,25.56493553757015
67.2112683192215,2.528731043624031,30.689382071657448
64.4234088613566,2.5257783639379388,23.636452012893454
67.11183439700024,2.4808081190380125,25.53685220823362
50.03814070382233,2.593709663461329,17.15287087034628
54.76836174310469,2.607404564392931,27.069833315995574
64.61598264748993,2.443389520677885,23.47527993507593
62.55330856130334,2.661607573624471,22.308761528269876
62.60244057899796,2.4675115014056783,19.629126132135653
59.26729509155251,2.4334278271989738,25.00586358856172
48.4453209553226,2.5470956139662424,17.514694968481653
57.61333793197798,2.5181021541195814,20.193984374782442
72.05685735891645,2.719263754325924,31.17685620493039
55.9579393089114,2.3928555332380115,21.681089464901575
67.97108163671395,2.4259841095378576,24.057821953654695
56.58069685693939,2.50997872527666,24.371908720245365
67.77831521465613,2.5223739695271887,11.316908875704605
72.39908108610551,2.486868745774165,26.65387419050456
53.51557704121968,2.6736292043662817,25.57363295989343
65.06474582973084,2.4575039458172965,25.63062333558514
44.96483047212333,2.4675344447875447,31.926255692855683
51.20522609671974,2.401400485056124,23.029744989687646
59.747180457489286,2.7288090820818782,24.779591908675755
65.07275142401157,2.5748326871857006,22.991618966563447
60.22743389107953,2.4137243310730225,29.62088080718396
62.1751064536674,2.683870541247667,33.094184636865506
64.88084500454723,2.6990931768467954,27.673315665419295
60.906979219671186,2.571167603872857,18.507683968375297
65.02092942916907,2.4913408680296083,19.425294690912622
68.59699130826898,2.4069093112469684,26.45834775373781
58.056527387848824,2.4382268449739626,19.9682851323554
49.77815043188855,2.4210199261447607,27.746860680945602
51.012060206077535,2.5238157952226583,24.680303445041876
55.43720693763477,2.5352402262324913,21.53330795454271
44.66129254165969,2.506357246933623,33.5018804970621
65.18982009539273,2.5560061232946363,16.431918844721064
71.09466597195747,2.6960108871278172,27.35017418118968
54.97833466088922,2.6064949486154965,18.642739492682907
50.91425024316868,2.2367325475034296,23.495454393733723
74.21450122802457,2.464134884393207,17.833558441127302
59.40913867874207,2.70492155899256,28.391757121914004
61.533265299378606,2.4556924265952724,26.694958830523458
66.15254246786238,2.6768415631132725,14.31298443622623
60.501319247141936,2.5854219496365314,22.454250872722593
59.85363444109468,2.6328308257339423,26.00199580412417
64.23727677992787,2.47306790530787,20.12308295121184
58.84389901903898,2.480669033625869,19.31562416465671
56.77473181969693,2.2339061234835875,24.64122639190657
50.923735580156126,2.678737933447123,29.651529498241107
61.86309279688817,2.6903009517759644,26.434839308841365
51.792618916421034,2.42295237262005,22.1987520307387
55.904809477971504,2.4384302439110632,22.84327104406179
75.87410889563301,2.6381870022396976,18.657676378616845
54.93680728660424,2.807735621669023,27.704498977908827
77.088242353973,2.8576227887727432,28.094719391311777
66.04231659853912,2.372874233473772,31.2439509648515
70.75192052936964,2.754500898059554,12.817166804664103
64.12393070733117,2.499650037468231,15.559427042995406
46.63095299417553,2.60816366397567,28.085992575661383
59.06143908371924,2.5230108831740843,22.08495788657495
49.22946428835482,2.3799424379582237,27.472808705733566
55.23604349104739,2.439803323474154,24.897248927858065
72.62264858040677,2.7491539449817646,25.190404763252506
59.32338944480974,2.60192335995427,23.865493703236563
52.44954211317943,2.326427139285322,17.599561512615416
60.261514677633826,2.6164163255491224,20.844750741107383
60.09086921946736,2.7296444652252956,18.421960632614137
65.35383888809653,2.528288386203274,21.42229737405945
69.64218122805673,2.7515321496354463,24.5758766997888
51.197963109285965,2.5654885887760597,29.006655110231915
53.2652894306348,2.4762259513955858,23.506558317640224
47.6878792966303,2.6049997748426303,29.87527787037054
71.05116792178954,2.521070071283357,9.528487212907805
78.96712485821185,2.4658861051752745,19.21870842407851
57.00914476392488,2.5702891692372534,21.884131578954005
58.70159427780746,2.549012167212628,29.00517592791488
57.83164045672563,2.7051049467068586,28.458265243439016
57.92760816739717,2.3836545403533336,20.348255492612065
57.26346465481196,2.3599324116581113,26.416881429250623
62.02138939800673,2.493508148003957,26.10122258453486
64.36764620849335,2.4840718980281173,12.034930014214163
67.59856205367893,2.5588697591801797,18.961142380324176
57.84466492206448,2.539708219598688,30.647752673246778
65.1129219752186,2.5002594618835996,19.06197805259041
51.56903462496706,2.412767895287313,19.081275413799535
55.335981347495476,2.6551236840470236,25.479736033417137
70.16316099188414,2.550200446373417,17.461520237635856
50.39711108667055,2.3591202064759287,28.888004632334667
49.06623388685418,2.6298606563265428,28.093355868464492
52.099634467073756,2.6503177431710156,26.07126130816912
57.79023083580313,2.5551937150372077,19.92107087244479
65.84534225151289,2.6003911727942506,24.133569756898343
59.48377626593778,2.6355242094328437,21.49754031062313
72.12738822195017,2.4388356183920936,27.149832034663245
67.07975655547064,2.5024118106599835,22.238734804908553
62.17535554672358,2.794783310447217,36.754870924910904
71.64099146281555,2.391553924049134,19.259283392336343
57.09925702398131,2.5793867996806306,25.798492469624865
40.065214912584786,2.3697318265525964,24.460601350393304
64.76907291870383,2.6461743108241356,24.31569879889275
59.844672016289714,2.6792039661882177,21.44444141696616
75.52257256630988,2.696146472504969,19.861382072988587
71.6449130848761,2.5474292409507155,24.40755691243714
61.99137598420966,2.564794938972529,25.778143044002555
54.628833188423826,2.4926481203523148,30.871753573128924
75.104575705386,2.575701752236492,24.902608010386192
62.215685729831954,2.654252411826713,22.47006204661215
77.4882527444114,2.3632948220984336,23.219666796056007
58.28329976686554,2.6979485596784363,20.648109389243366
53.60883762121741,2.5320847156214943,25.898695604034998
69.17730620687878,2.4689776133473873,25.049368492710144
59.12530881187277,2.645374809794418,22.454629225536596
60.421327499505715,2.5629425072899483,15.391440543908773
74.18894011534141,2.587780423832668,19.614536465205163
60.20957901422386,2.7033948517680875,17.793467331336572
58.96608902169561,2.359158755355579,14.553136242313624
60.50708760872637,2.4106307717910114,18.765324950299934
55.6681289823685,2.3946161549217755,25.70048943042053
58.288623856480385,2.6392325687331835,25.89279414733877
61.1422536218319,2.528129306676617,25.170655039950468
61.99825715863748,2.6106111921815285,22.293979218943267
59.18382141611586,2.5517187279288507,30.573628854210202
42.356858929930475,2.6803821815432753,25.45068298618628
61.38939356134843,2.596697307558555,18.05649579659665
88.8799441657586,2.4037854684886053,18.245310090699494
60.03432743519891,2.389138255987754,15.922310910003658
60.6634787550957,2.6779658419155083,22.04506023748324
61.83074179092599,2.470752740844614,23.957938592074193
68.34374890312846,2.6296976346673837,22.291567205348667
73.304195139212,2.4967659503276987,27.48800530808954
59.59473001424725,2.4599101521984075,21.27467672133673
68.60623269999907,2.5893315150023324,26.38521252521609
58.55660703906318,2.6369413770891805,18.248603192391247
53.98806044528959,2.6135803457336713,25.152902214503634
68.65902619390583,2.5712530179412703,26.53018380437995
60.37261611589914,2.643997360706006,30.62527735612778
63.02806307496025,2.5612307347848837,23.428894553279296
76.71461354129107,2.6475035683011705,18.74427927670982
63.494715006413074,2.583013673240578,16.499254110138594
46.99853256952957,2.5904205410611634,34.33198539055968
68.83409296024037,2.7149724943356346,26.24958060613939
50.208842747415105,2.540764819959993,20.076681983207347
54.18171628902525,2.438531831367049,33.001328622642184
68.28298405188073,2.557675715958188,19.004884717788343
55.218044529164146,2.3212873187171597,16.117847385971686
60.74819250713464,2.750984264173234,27.098222162171744
56.493984083968236,2.63715539959125,24.937318988320644
72.24784115727715,2.480482721818649,25.605894921695924
57.59928972156511,2.718318216840889,23.425891222902187
66.18277861136323,2.900925362220171,19.286013080742304
52.13568038526557,2.4695584401323796,17.38333444008228
71.58785329720632,2.4877859099960156,20.232220568602983
67.77499634120124,2.6325394362205397,16.646082539353767
66.01883641373185,2.320177409294175,23.592629244722445
60.16122019117585,2.7801332042525178,26.278555918031355
61.54663070364261,2.4952460232020406,26.715156777323216
71.3909352222816,2.5275527824512,16.356001674953887
61.5213017597437,2.5703600143528624,28.32990761204181
51.77661971148431,2.5138701846225255,23.119012564386917
60.76080357865403,2.4502490570768205,19.791195408644494
52.627834418557484,2.545197166057156,30.696508073407664
62.34756454229541,2.64854013730133,23.603850575843047
47.987181919363245,2.4753590678607345,32.021477389979154
62.64034222459879,2.5523694831337944,21.280792132297766
67.13234907722716,2.4359747371399676,12.76233709411624
68.43762161122027,2.543596281063342,18.95987086393796
66.46894941515907,2.529554940114405,12.34652078323723
61.08179391798792,2.5389339439608207,23.38992078063663
68.31366376848428,2.53857243583953,29.106286278711664
64.40437759915723,2.5341306423019936,27.509026881406314
67.36659416674293,2.45379170528507,12.994087028381852
53.180369875523624,2.344863708964931,26.16639362924048
55.29988328677,2.5893238596015613,27.609635159712976
48.97296807349337,2.47164932237276,28.213538266890005
64.54813444444697,2.5233244701255875,21.435541722480885
68.55307202621508,2.2840393001462425,23.924285229047033
72.69009105839775,2.5626770174062963,31.798906229096296
49.451440303638215,2.4337971322098815,31.41842828855991
75.17386863509128,2.713402364546195,28.36852194510349
54.511180663774994,2.6079912225260498,23.47287947414093
46.62575291023792,2.753484669779507,31.434288130131943
67.27244735185775,2.406135892599592,15.886615201701247
61.98731823480611,2.4737480398156153,19.097544872393655
46.23319385380698,2.587192754973699,27.647380419071112
47.97089475253617,2.6814301915526473,30.83926563941601
54.57348183946633,2.502357018795811,17.87789014866123
47.64016218344517,2.5871262062821736,27.82839802108518
59.265743150814565,2.4728980217435352,31.698602044880413
79.13360194048886,2.4591339035231665,12.815823770030379
78.44651996871593,2.3932794464335485,17.343893808473222
48.905064474284195,2.7462290320436202,36.04260285943363
62.132875378002616,2.4451831137463174,23.935174735265313
59.36226553812869,2.4418153490384342,23.016143260559744
44.91560839632186,2.472197144446135,28.194710390199
49.379080480508875,2.4661818467187735,22.896275519658687
52.25073842291698,2.5914713968542387,31.31631436309436
48.98236096565975,2.376798499671133,23.115741447306913
67.20423409812472,2.4152376086010046,20.194724408768344
49.90751705678535,2.356254575158936,21.8754384687007
55.417597130189044,2.5363642538500337,27.896274450587857
70.6548412245482,2.4847826266187525,18.62732826821392
55.38786054783439,2.329278049413218,20.86875207639575
60.6796532924665,2.3915732906624143,21.120037546810586
59.9975637840972,2.5304101690684653,25.635005614921194
59.334222077083425,2.6380358711010357,17.656974371993762
62.886038687322554,2.611679399343942,20.88202890263532
50.91337113121039,2.6224071029833267,27.535324483278927
75.10346910422268,2.5923943011445854,23.438495792514324
47.46957480827181,2.461334420475134,22.0639399304412
62.29387312322621,2.513508582363769,24.91860813078123
56.47069485584674,2.59245638721118,26.784946731901634
65.17193180312398,2.448039662996223,17.889429520591914
63.9301901309661,2.570972147352153,27.96294896000846
55.8204068509833,2.7580972867285967,20.124675833086517
47.987270384979496,2.458526548761695,21.165035373010202
68.1202924325604,2.689287204832824,22.403028481436767
52.42808206232697,2.4187953911226376,27.641360538251675
47.3902112581319,2.6201938063042487,29.411836895676718
52.20968105352886,2.3519738680850835,31.702480122324154
62.980577568962836,2.3769361429314944,32.968171422739644
53.16031494020563,2.631660562606884,30.897955245347866
72.44526379392902,2.746133908748499,24.445455252842947
59.74801698220539,2.6236312684235266,28.648085717242758
54.48422230791439,2.6128980412645824,30.732517955126248
62.371814138466554,2.6923581671573706,17.940933381989606
61.424132665190655,2.6681987520379176,13.468651271505266
62.7677425769256,2.5600713621285545,25.000368150328732
73.85244444294585,2.599677744809182,19.91418764060561
54.51831786781838,2.579347171512319,27.27386215109972
60.26374111580781,2.610985777170738,34.11705622861005
60.0674182564315,2.6105649437730474,28.05804501284461
65.1678459908313,2.444322118831044,21.300815958282985
52.036181362940084,2.5596668693820046,21.40387594614463
49.17226060869006,2.466031306499768,32.331199505484804
38.17001210180872,2.400726675073165,22.46230747780945
69.76220160487857,2.7199410445159686,21.224362315111158
44.228347008670944,2.466524914572503,24.376526076002527
62.454808671851005,2.6918960848682394,27.84245981924475
62.787646092502364,2.6255693973740604,23.321162340481774
60.58798022090288,2.6235334584752454,19.820943592736658
54.60625165314309,2.627750792627429,22.013602868546776
74.08387889548936,2.412041062493959,23.924300293874424
58.461188552493525,2.7872091327286723,33.73033823666374
44.99198137775032,2.6619654099416965,22.589151971721343
59.85446155328932,2.627022031239705,20.05663303549469
63.91477082867387,2.5002715766429318,24.42784187922127
56.86671625191125,2.6655286765818986,26.944660158867983
69.75125966801252,2.4645739706068883,26.8902330577057
66.40346966066139,2.652539190460175,19.255012808316152
63.352639974192236,2.576645598446757,27.831288180247427
46.64409972720001,2.4019368459790704,27.265636688274938
70.78529137502949,2.6880167705231104,22.653940339078986
66.7195549720559,2.4869880773462656,25.76961364302103
70.30972232134874,2.529085976199858,20.15245854908467
63.31768319544611,2.453016806117017,22.037076642603434
58.56880080558513,2.346351905685827,16.02829631335147
66.28638314778864,2.487252853200191,18.789975663576904
67.09527628997728,2.442162162096317,23.76612274644557
62.151166431116955,2.437668092510226,19.72145900217668
60.67514735118212,1.982029715503982,23.675868876010522
52.48226327138464,2.613426894006139,27.20399247153874
50.38592556599607,2.5768837720492264,18.436090176569625
67.25877710644714,2.503915602517902,18.876278456083472
64.16432028585061,2.445937234162515,17.45307176655169
54.21066490261231,2.6380016059998717,30.258796347796352
57.614191535152024,2.4463220371559626,35.09758016970872
47.51073538473914,2.4280085982683532,30.92862587909396
