Depth_m,Porosity_v/v,Vshale_v/v,Permeability_mD
1000.0,0.19681554037502821,0.3020254093485859,2.1764919036940253
1000.2002002002002,0.18459958645158162,0.2770355491006321,3.0129474511612258
1000.4004004004004,0.20080352443022267,0.23253469241906005,3.0089302132518063
1000.6006006006006,0.21879644943773985,0.1959587812355798,7.187784842017626
1000.8008008008009,0.18414005219782617,0.2619724247867869,0.7947195706544199
1001.001001001001,0.18462876785343585,0.24549441556538856,4.699366083662071
1001.2012012012012,0.22138522158396162,0.269341997957676,6.645693455321858
1001.4014014014014,0.20564014007607606,0.2551064762999099,2.8642127996132807
1001.6016016016016,0.18139341078547846,0.27459448481299986,5.456527347357124
1001.8018018018018,0.20212647593568342,0.19412751969407407,14.888601147066119
1002.002002002002,0.18250017198026094,0.28553493784042905,0.8606701389077055
1002.2022022022022,0.18294800632694833,0.2283247466522793,2.271528920439674
1002.4024024024025,0.1975966976747076,0.3209909738316801,1.8618660202183714
1002.6026026026026,0.15498742389466563,0.18155538919224376,1.393828404863629
1002.8028028028028,0.15925092472489324,0.30160356029041574,3.463555425931845
1003.003003003003,0.18300040969632053,0.22349529333886134,3.6719457839303264
1003.2032032032032,0.1744869933120921,0.17982708570678488,3.653837993778516
1003.4034034034034,0.20152654449521284,0.18700582711348268,1.4515828228142793
1003.6036036036036,0.17757957524675388,0.19398884088706417,7.436540868304836
1003.8038038038038,0.16799286848837175,0.2300245988182123,1.1413883320792093
1004.0040040040041,0.22605118050735087,0.2337722318123707,8.951308174228748
1004.2042042042042,0.19272226856312816,0.17776372664684384,8.0647933280045
1004.4044044044044,0.19908822488205927,0.20405343281096097,18.848393111251973
1004.6046046046046,0.16974278996464903,0.3112113345227323,0.7459712204003928
1004.8048048048048,0.18785036867516752,0.2893059001061579,0.3019996444181225
1005.005005005005,0.2014568708860236,0.22358017299743302,6.9500030576480905
1005.2052052052052,0.17671901977953353,0.20250378610863112,17.794746492784427
1005.4054054054054,0.2077533500939956,0.20544922767193605,19.711281093780197
1005.6056056056057,0.188727090341086,0.22897208703596883,5.495743204850241
1005.8058058058058,0.1954063894219865,0.1460096164094661,5.362754371397273
1006.006006006006,0.18970640817782486,0.1831380543518607,11.350131387923955
1006.2062062062062,0.239286205715935,0.11143994523971161,8.809443316846595
1006.4064064064064,0.202470574623212,0.21369725459831365,9.390801409199046
1006.6066066066066,0.18208590303252115,0.22496757727001765,6.266781794017453
1006.8068068068068,0.22019029768892315,0.16732492151685147,25.338262378185384
1007.007007007007,0.17982142959684028,0.26906487970812093,29.204663339965613
1007.2072072072073,0.20891405297010954,0.12796343768970167,15.042741489507678
1007.4074074074074,0.16604138244324962,0.11492408811204323,3.494142677063601
1007.6076076076076,0.17916854327106577,0.19826151570223882,4.425693526973479
1007.8078078078078,0.21016639392480205,0.23829496308618325,1.5698226749972328
1008.008008008008,0.2214947816062993,0.2690426351760452,3.820810751707154
1008.2082082082082,0.21064842254267802,0.16081336828393059,6.918670816421823
1008.4084084084084,0.20540297463757012,0.23660813058185148,3.9556564696158656
1008.6086086086086,0.2021879766069271,0.17967039782834163,8.548655937254022
1008.8088088088089,0.1791328983020828,0.1718914616284229,2.6674004591786096
1009.009009009009,0.1947988694624444,0.22363814953487887,13.073274839466448
1009.2092092092092,0.20047447232246807,0.2110089908763375,6.281285314598312
1009.4094094094094,0.23132021572033828,0.09851634896959567,18.053473315197788
1009.6096096096096,0.21753964063440998,0.2501115468030709,5.288369745643162
1009.8098098098098,0.17589490652764808,0.2442431789804833,3.80984992489265
1010.01001001001,0.2181247060185374,0.1429201141905181,22.948717760062188
1010.2102102102102,0.2044275313930297,0.19295366629805188,3.6778362778697065
1010.4104104104105,0.19907567202892004,0.19683588774907368,3.8855892040980367
1010.6106106106106,0.22533130891827846,0.18414464981317372,8.481157636675986
1010.8108108108108,0.23420013230695552,0.14257802677116826,5.191791905045503
1011.011011011011,0.2326867422320041,0.13550022418293836,8.013023366899517
1011.2112112112112,0.19775637845919902,0.16679762738449647,5.102396818535086
1011.4114114114114,0.20883461350735877,0.2257115952923365,13.55021261423603
1011.6116116116116,0.2221207568713648,0.19326088503707498,12.122563843244151
1011.8118118118118,0.23548146536503933,0.14656185754171078,17.775570680265115
1012.0120120120121,0.20686055240315437,0.20269521439017535,14.432017631939495
1012.2122122122122,0.21320268428054687,0.0207069041559301,18.07390621900407
1012.4124124124124,0.19525929602698341,0.21960217162900128,7.497428772709503
1012.6126126126126,0.19393025265134478,0.07421418739165894,10.202638646696572
1012.8128128128128,0.2345715022068812,0.14212000020834023,18.989784667610884
1013.013013013013,0.2459105512035047,0.10330694737817872,13.800372034920182
1013.2132132132132,0.21780843075143316,0.09361102941560687,2.145980496360659
1013.4134134134134,0.23978024498910983,0.2154474120229832,10.323463643632357
1013.6136136136137,0.22740128649040037,0.13308833221923605,44.98429361997539
1013.8138138138138,0.2077231289760272,0.17287229771584633,18.05426303690731
1014.014014014014,0.22830832759052955,0.15228121899422883,28.74319979978289
1014.2142142142142,0.25229392597558564,0.1775659075368301,44.62108420537622
1014.4144144144144,0.22126729541541662,0.15664809357068574,12.497584712036987
1014.6146146146147,0.25372510809865145,0.08775707564054698,31.062363377430017
1014.8148148148148,0.17048350398741635,0.20082631073881085,2.2865212077222847
1015.015015015015,0.23976033483953685,0.1254380584092139,13.99556518037242
1015.2152152152153,0.22550476791919155,0.07141638482416596,31.180075011150453
1015.4154154154154,0.21822284022482963,0.12696602749524577,33.704647292438274
1015.6156156156156,0.22647493831823468,0.2225428333666457,8.125429162324325
1015.8158158158158,0.18532261116187443,0.1891557803447728,3.7115995453553308
1016.016016016016,0.2211123059632132,0.1283587653409974,13.383543565864327
1016.2162162162163,0.2330771937544268,0.12748203308709385,26.138227735769846
1016.4164164164164,0.2559194231559376,0.12802361709848603,7.041822554940428
1016.6166166166166,0.21642009642015242,0.24711016269632408,1.0918014875296942
1016.8168168168169,0.211036903359465,0.16154390957007306,6.196695971672302
1017.017017017017,0.2175901830730348,0.16313060910742705,4.002717985114289
1017.2172172172172,0.24634914678351955,0.19233114204342325,9.445195845258922
1017.4174174174174,0.23502909740379777,0.15195195883302437,13.079528579089272
1017.6176176176176,0.21826899083331264,0.12626304990207685,8.990643774313895
1017.8178178178179,0.23953677109211907,0.12860748133016997,56.51243024202232
1018.018018018018,0.23161726795718096,0.13406192287439292,19.864574518946657
1018.2182182182182,0.2494499378303203,0.1350051164186889,25.098484814361967
1018.4184184184185,0.21643428348847737,0.17247921271056885,16.377750383956432
1018.6186186186186,0.2243173561671684,0.13793383621259714,5.392614875874916
1018.8188188188188,0.22342059655210553,0.17121468518396052,25.71210757438269
1019.019019019019,0.20238148865598288,0.1298003582980403,9.170365588279282
1019.2192192192192,0.23796004967164822,0.1370288526227428,28.322307622893053
1019.4194194194195,0.2376413959309249,0.03245539742128911,11.798315099288747
1019.6196196196196,0.23290195748142575,0.17745761924476172,3.6216008135837767
1019.8198198198198,0.2284840570311403,0.14824896073791163,26.13431396970851
1020.0200200200201,0.20524117201036282,0.18011587335795512,10.753680271285504
1020.2202202202202,0.22550510599838047,0.0,13.23160488703868
1020.4204204204204,0.22742974915881048,0.23323847940352757,4.358254957913908
1020.6206206206206,0.21860108589820018,0.12115387028602252,32.785885164769915
1020.8208208208208,0.2317800372687248,0.18286375384922693,4.63883035078205
1021.021021021021,0.24344238130022025,0.07478826199039794,91.13371044143686
1021.2212212212212,0.2734371516602984,0.15675891283416107,11.875884985877887
1021.4214214214214,0.23955348089798492,0.07279384209749631,38.95910377218215
1021.6216216216217,0.24155781007555346,0.09362834753323646,16.67472465891427
1021.8218218218218,0.23525911362346222,0.21987834005968832,17.040864814215844
1022.022022022022,0.1987101551773991,0.11401045911532415,6.399191248160071
1022.2222222222222,0.23688913356381333,0.13379188774209133,14.547640190871265
1022.4224224224224,0.23895409745611373,0.1658071814933292,15.039789193623204
1022.6226226226227,0.287340635212514,0.146479353631996,13.711602360460578
1022.8228228228228,0.2345510581986648,0.12861560926381244,29.710118627493674
1023.023023023023,0.24474786138562568,0.13875008614849405,12.019475986476179
1023.2232232232233,0.23833743677544053,0.24008818094260698,8.286560842381029
1023.4234234234234,0.2159689580951269,0.11645984715718453,5.901711398690806
1023.6236236236236,0.2625058797165001,0.12882717002399735,3.1330410685898658
1023.8238238238238,0.2549910158076526,0.1707444388394983,15.299259126774306
1024.0240240240241,0.2560719226179348,0.17293561267022406,123.29356555564664
1024.2242242242241,0.22235842994729643,0.17646654851622068,20.09392649385363
1024.4244244244244,0.26889289792263454,0.1485154060269162,23.621573143273434
1024.6246246246246,0.21308673126211536,0.05890067932357518,13.47964953804682
1024.8248248248249,0.2531435146300658,0.19720272346943046,15.50026064814675
1025.0250250250251,0.28549395661001464,0.057702314104785456,72.16870120213594
1025.2252252252251,0.22214841213193184,0.12964803170767902,5.253366923917821
1025.4254254254254,0.23090327430003138,0.07630740083816592,49.25279934646803
1025.6256256256256,0.24448811510529223,0.11032749315317493,36.88484445184499
1025.8258258258259,0.23268717564765898,0.12949405207002024,28.249065774543734
1026.026026026026,0.21200073683782233,0.12865363863595997,16.3728788778348
1026.2262262262261,0.24463827170414737,0.13322000805788461,18.894584981837273
1026.4264264264264,0.22226960935096657,0.19235609302161422,16.948462031031532
1026.6266266266266,0.25323184340749094,0.13390219080004417,33.584314570915
1026.8268268268268,0.22561143655139887,0.09858099686829594,12.550517563390793
1027.027027027027,0.27523412700920136,0.15856496615388496,15.642957853227529
1027.2272272272273,0.22880145836764504,0.16941435656058407,13.322498006166756
1027.4274274274273,0.23825192367389503,0.048149129694628916,89.58342787260065
1027.6276276276276,0.2611856498989781,0.13899669456040412,8.432478011164395
1027.8278278278278,0.22051567028695226,0.1437909990185186,3.7922714443782604
1028.028028028028,0.24989528407371112,0.09346837534944528,27.887077058432883
1028.2282282282283,0.27169752557983695,0.17675461475836127,22.497399728685792
1028.4284284284283,0.21360902636196966,0.10009777007871799,15.685707879807145
1028.6286286286286,0.24965080378654192,0.11351921562424074,26.78487180553817
1028.8288288288288,0.25135061308392503,0.09823522947850138,20.37447040563785
1029.029029029029,0.2619796207160027,0.10732480069218564,88.61046560885835
1029.2292292292293,0.22178971158428665,0.051397736740847334,5.52007670441771
1029.4294294294293,0.22030049390818096,0.03388321977049798,10.916874719999498
1029.6296296296296,0.25732467757072974,0.1852939344238823,15.755057426419313
1029.8298298298298,0.25299706187492915,0.06291218987769168,7.986561214603875
1030.03003003003,0.25223403244597753,0.055390888255457564,26.540251328808743
1030.2302302302303,0.25431521482074004,0.0,156.68487152481836
1030.4304304304305,0.23394308331407002,0.07243898543310215,21.91861905322561
1030.6306306306305,0.2523412149627051,0.03795892733870289,40.1472321512358
1030.8308308308308,0.253705374631552,0.18594924268367122,5.922623261322741
1031.031031031031,0.23369988701550015,0.15408314208634616,8.720503973817841
1031.2312312312313,0.28544058754618507,0.06893731998657693,32.600404230586044
1031.4314314314315,0.2577351155798444,0.21572793484259686,11.461588008764013
1031.6316316316315,0.22456091158434638,0.15196449458832145,34.98980551929303
1031.8318318318318,0.26164172971826627,0.08641350529940284,46.45812975251195
1032.032032032032,0.2291358394163623,0.0,11.834108286005266
1032.2322322322323,0.2644851075239788,0.21678628629677715,19.60078105792502
1032.4324324324325,0.27202438559341063,0.03256578180752326,66.44796817343905
1032.6326326326325,0.232542991218663,0.019588530892525713,68.44217298490491
1032.8328328328328,0.2683234183141865,0.1528098768321081,82.52559700733363
1033.033033033033,0.25740585703718794,0.22350069432386088,6.2824501973457485
1033.2332332332332,0.2656808596399661,0.17056727298582858,10.767826772014203
1033.4334334334335,0.2872600002476042,0.12939849249493635,12.16243398687201
1033.6336336336337,0.24449592017648028,0.13079901109272674,15.580715296092867
1033.8338338338338,0.23440355088890788,0.14359918886301085,22.08271537375176
1034.034034034034,0.23175761956652866,0.13875082264297822,32.98607501150379
1034.2342342342342,0.23329637176888543,0.1147488174197854,16.258705751871727
1034.4344344344345,0.24813024143541063,0.10579303045249248,17.357848339648108
1034.6346346346347,0.2565500361401445,0.09735592859200687,29.675134701781506
1034.8348348348347,0.2553105510321343,0.06269885031134614,15.75445877305478
1035.035035035035,0.2663651508258191,0.08628370965608075,168.56147940299365
1035.2352352352352,0.2501212823960576,0.01559889905700712,10.001520708989128
1035.4354354354355,0.27896668874508107,0.09526793036657451,41.27784249068591
1035.6356356356357,0.24463263362744703,0.050702426713888187,141.82221470855518
1035.835835835836,0.3043539141788605,0.04490848735848528,62.46562519571423
1036.036036036036,0.2624836333408263,0.10904753466825548,23.067884569594874
1036.2362362362362,0.23284188379976045,0.1696267196268687,9.798393304942474
1036.4364364364365,0.22857692503572954,0.1459251192843045,11.913421168111537
1036.6366366366367,0.2596489539210373,0.021475848724226088,120.13380296025473
1036.836836836837,0.24552997060522894,0.05051996861923876,4.854600983083563
1037.037037037037,0.26427394699349693,0.14704933798859907,77.55612261467469
1037.2372372372372,0.2594483910373468,0.05090471823401442,11.037656194668216
1037.4374374374374,0.24851175339318182,0.08882464509775471,19.82254888533393
1037.6376376376377,0.23301214358536018,0.12759502638848425,11.444348689211548
1037.837837837838,0.21962575498880743,0.05172022007820896,30.692817662275957
1038.038038038038,0.24096207974926476,0.10546014005235532,5.643407490518783
1038.2382382382382,0.26698503479555613,0.033552910061024954,60.171416064539095
1038.4384384384384,0.25409861825960645,0.07025751801187892,146.97145840275823
1038.6386386386387,0.22485666065970727,0.11639560446597362,5.061452326070309
1038.838838838839,0.2531847605366957,0.020846317188853117,42.81983015387915
1039.039039039039,0.25737221336820754,0.12261812144167156,13.793604588138882
1039.2392392392392,0.23192846431045075,0.09971975546594179,25.65304132609044
1039.4394394394394,0.2526148919584026,0.12844227941548583,21.643130581121444
1039.6396396396397,0.25063437709293584,0.11213849492201051,13.465770617998162
1039.83983983984,0.2265356527641437,0.16928368091646162,17.533043979763008
1040.0400400400401,0.25647071256606746,0.10748061446227351,105.7074951715698
1040.2402402402402,0.26044562119172954,0.07990069454260632,25.95080238109438
1040.4404404404404,0.2708009880204813,0.10764627462589776,53.6493502990854
1040.6406406406406,0.2701211128923288,0.12886556726355794,9.555816233361922
1040.8408408408409,0.221391878897246,0.10432176658953062,7.05024217148704
1041.0410410410411,0.23008405557341136,0.10409526788773879,25.331656330679177
1041.2412412412411,0.2590316580336565,0.06716183386012273,103.6333686910005
1041.4414414414414,0.25889218521017043,0.06932091324772316,41.48686137626829
1041.6416416416416,0.25879806207664935,0.03254903325310991,29.166663175509665
1041.8418418418419,0.32542752093797583,0.19038025906264644,37.92349072902153
1042.042042042042,0.25966163717534807,0.04093916264435839,13.367890132036502
1042.2422422422424,0.2708212415961104,0.06872673420231809,59.44994681315626
1042.4424424424424,0.2670512453043111,0.06770005698612924,71.05525933222364
1042.6426426426426,0.26085550961299186,0.14862381071533504,15.01638102675757
1042.8428428428429,0.24137398193815074,0.08939601353538225,15.16897554628003
1043.043043043043,0.26270565603791735,0.16680522880223494,24.961782337961708
1043.2432432432433,0.23191191002746483,0.07102693158153375,14.846896791721354
1043.4434434434434,0.24246943858386819,0.11894320581875091,18.365840784246153
1043.6436436436436,0.2373312061656193,0.06352686424178242,127.14029157166017
1043.8438438438438,0.24850391308327865,0.2128610633820066,10.829012882393362
1044.044044044044,0.2929828588111908,0.04654173324362316,40.49053708080165
1044.2442442442443,0.20916296252640706,0.12173937985771517,6.78162824456652
1044.4444444444443,0.2600473889829039,0.13827250694514504,40.73404936746721
1044.6446446446446,0.21387714509067868,0.12761754979136186,10.338644770194682
1044.8448448448448,0.23649748018993616,0.0980157421467895,11.719498698785928
1045.045045045045,0.26751518166198546,0.10115020272820088,85.92364407363966
1045.2452452452453,0.24681723958178145,0.11020149030879618,67.02013952516437
1045.4454454454456,0.22376765087268982,0.10103904553113056,9.891190148028523
1045.6456456456456,0.23080283818263309,0.1569698634189776,3.026605963951519
1045.8458458458458,0.2584827133942539,0.21969733546565395,32.768734878912014
1046.046046046046,0.23006077379902573,0.08170037217969908,11.223909404967428
1046.2462462462463,0.24877015052250576,0.04149706875081194,58.728062565233905
1046.4464464464465,0.2451208348642039,0.10599383350841426,4.437659141236947
1046.6466466466466,0.230941380691295,0.23982256416546893,18.221249492635664
1046.8468468468468,0.2866118528973411,0.07109095428963708,16.761899940965506
1047.047047047047,0.2561665530043654,0.19367651292716795,28.982026231423696
1047.2472472472473,0.20273616478045503,0.1960600880256932,7.119495128976449
1047.4474474474475,0.24671461423833074,0.0849583743686386,11.36932819227353
1047.6476476476475,0.22949200295006186,0.141558023403429,10.300260532983629
1047.8478478478478,0.25951432194798385,0.19500810646979794,29.075781270557183
1048.048048048048,0.22634890845415195,0.09511959566275571,18.661061484736067
1048.2482482482483,0.23963403401465797,0.10439295191610254,31.89695320109017
1048.4484484484485,0.2517537468052433,0.08599216915526366,126.57326211256327
1048.6486486486488,0.2586901697820901,0.06485085851621966,9.107615647247181
1048.8488488488488,0.21708605667121084,0.08364551043998708,57.203820940805706
1049.049049049049,0.2341147616143044,0.055441256253693845,25.57635230703998
1049.2492492492493,0.23101459300899307,0.11887949060652553,7.967000788166123
1049.4494494494495,0.22715156805092998,0.07922184502912401,6.484085712791693
1049.6496496496497,0.27522786114088527,0.12996310906773742,24.54567208610507
1049.8498498498498,0.24771503434736047,0.041040430931229985,64.40197217112092
1050.05005005005,0.21409037539246983,0.13594869248143038,10.388098740844082
1050.2502502502502,0.25735400912531664,0.16165863908625927,64.53867002307554
1050.4504504504505,0.28112470237406484,0.02088093579972332,16.61820389141541
1050.6506506506507,0.25901181602101064,0.13986406405508708,21.76092923068986
1050.8508508508507,0.207652199964073,0.18314616710141557,2.99795413201577
1051.051051051051,0.22802819475154473,0.06189008595288781,27.789195110709052
1051.2512512512512,0.26272059730834696,0.20661808599422726,33.625612267087234
1051.4514514514515,0.22289473743412339,0.144565629749002,9.061737133852285
1051.6516516516517,0.24558655552887595,0.08899715414181744,2.928428543918715
1051.851851851852,0.25186120991494737,0.12210018752398004,25.528128687403736
1052.052052052052,0.21748463718812122,0.15345367979701907,15.793854486787765
1052.2522522522522,0.23448384776177608,0.12999406590413362,22.51920859968568
1052.4524524524525,0.17049654179373147,0.1537957982824945,12.74576456281634
1052.6526526526527,0.21447813024623286,0.08149623191783253,6.452404349017093
1052.852852852853,0.22955501096012848,0.1366775463476896,25.212359167034123
1053.053053053053,0.20928773372365309,0.058211024272636774,40.69013496802681
1053.2532532532532,0.2665252156464886,0.12403030981512295,6.335502285420754
1053.4534534534534,0.20490435975736174,0.08509868342208594,16.431158196913646
1053.6536536536537,0.22433313792915321,0.0942275785441643,11.151015301767105
1053.853853853854,0.23537235954352997,0.1935262705589656,11.26038613339444
1054.054054054054,0.26120325182510384,0.18701214794515714,23.6101363501123
1054.2542542542542,0.20327753682936728,0.16363603978202973,5.658107323209122
1054.4544544544544,0.2548718428454464,0.07930341640821473,16.372925978939268
1054.6546546546547,0.23142384981058708,0.11884594919510282,16.91194153617427
1054.854854854855,0.21119650821112973,0.19607593656913114,3.402923265388867
1055.0550550550552,0.23967315454231983,0.1432689063864405,6.906835454288929
1055.2552552552552,0.2340136336150861,0.2529188421469625,15.071144419700712
1055.4554554554554,0.21762644757265034,0.15739482261052465,4.365665096094669
1055.6556556556557,0.2306222032390574,0.14811517842470384,23.932968200867162
1055.855855855856,0.22111233757973958,0.12384788291109936,19.810883134248442
1056.0560560560561,0.23067851679049844,0.14677889121787813,3.5576403866016566
1056.2562562562562,0.24123749726100574,0.13328361480998913,10.29662959850113
1056.4564564564564,0.25929912890626156,0.17712488604549892,47.591347673880044
1056.6566566566567,0.20240362803936018,0.19037396238821908,3.284357334254321
1056.856856856857,0.26939902953034134,0.10406578012554686,20.79838251990239
1057.0570570570571,0.1872723508985474,0.0776369875379277,13.950110357309557
1057.2572572572572,0.22285151318066904,0.05322868697468791,37.46430454240599
1057.4574574574574,0.23722407351838634,0.17128574331643745,11.289893249504875
1057.6576576576576,0.23064553019987707,0.09157193120043301,11.55674224217633
1057.8578578578579,0.21213715834424365,0.039956641561971665,56.17534908632389
1058.0580580580581,0.21999169560907286,0.1678977979596164,43.34731443891995
1058.2582582582584,0.21385469356666825,0.27399328830979053,12.574971534844028
1058.4584584584584,0.21148561256313633,0.14992092080594074,11.00389192552253
1058.6586586586586,0.23982081315174558,0.19303682904930916,6.738754439547877
1058.8588588588589,0.22952265700929728,0.1560982126591737,6.829211663956405
1059.059059059059,0.20807548876425908,0.14796330710557382,14.89309608840894
1059.2592592592594,0.2394748138145723,0.19976920944961366,17.29627427917449
1059.4594594594594,0.22717578979320205,0.14021576370941718,42.53316813876377
1059.6596596596596,0.23683191764759123,0.16901968161646233,23.36031787290234
1059.8598598598599,0.2327100664329979,0.17266195959583142,3.8518452756556605
1060.06006006006,0.20307838793812927,0.12410593707366929,23.538804290231162
1060.2602602602603,0.20799349616474494,0.20805231323210488,3.262890583862906
1060.4604604604606,0.23367989434243774,0.1506482476000868,10.680975626781041
1060.6606606606606,0.23047645568094877,0.1225612786896415,19.45149597272039
1060.8608608608608,0.2173842160762527,0.1881325492129647,46.14336830452464
1061.061061061061,0.21968020942926916,0.11734835476970895,166.3090691659199
1061.2612612612613,0.24241663666280677,0.1646516420460534,25.014922563640376
1061.4614614614616,0.20455989825676762,0.16376355492296557,7.371989113067237
1061.6616616616616,0.2268596185412526,0.21949725037807416,14.229651220885504
1061.8618618618618,0.21139856781145183,0.18992635404077668,17.092689042101725
1062.062062062062,0.21061199941557396,0.1659350237066538,7.234794888281495
1062.2622622622623,0.23646286359240376,0.20907553048042332,47.5180787782775
1062.4624624624626,0.2305159049826107,0.23870430690625433,10.71563945170377
1062.6626626626626,0.22979661862124967,0.19809698393414893,16.085858703206743
1062.8628628628628,0.23915349460208818,0.17174241890436767,24.141843052700988
1063.063063063063,0.21298018085578693,0.10665703037569,18.32434950998099
1063.2632632632633,0.22571409049747404,0.12002290210127373,29.327613049895497
1063.4634634634635,0.20538341307651045,0.15905273662213346,5.4089683015942525
1063.6636636636636,0.21758463120859817,0.14487934553052081,7.448920910304657
1063.8638638638638,0.20800988667720127,0.16705292514318354,3.692158846557822
1064.064064064064,0.21206304727850028,0.18028602544098804,12.670966243772272
1064.2642642642643,0.22153563436948043,0.20499566321658858,17.12026228388829
1064.4644644644645,0.1927764809074497,0.1760489932035553,9.406330301747246
1064.6646646646648,0.2504961248844716,0.20496728387597796,53.88538658939337
1064.8648648648648,0.18803464997643654,0.18493950740015738,5.692031718764293
1065.065065065065,0.18337702645995724,0.08402131090348798,14.810575560887687
1065.2652652652653,0.23032804968707116,0.13691194163345072,6.174299228882311
1065.4654654654655,0.22250340158514112,0.17776357690588365,7.836955514908161
1065.6656656656658,0.218656191190515,0.12557758367424965,22.756346604464007
1065.8658658658658,0.21824373356741458,0.21715819746148143,16.170427380920305
1066.066066066066,0.2049343476431885,0.26480376778355297,4.097066261022113
1066.2662662662663,0.18673613642701886,0.25031375982977594,3.8005263212913922
1066.4664664664665,0.20569878672109904,0.17981789124371517,2.384778876138729
1066.6666666666667,0.19014051392361916,0.26614558601834365,2.9768632174257106
1066.866866866867,0.22268682630926376,0.20016672341823183,19.525183463294237
1067.067067067067,0.19974364841957135,0.1770079003225506,11.644057673906055
1067.2672672672672,0.18567494750734415,0.1643256406884403,9.051636015715626
1067.4674674674675,0.19525705107876384,0.1810105407129836,6.923525568956028
1067.6676676676677,0.2094431046531243,0.17786806077701892,8.687996651279802
1067.867867867868,0.18940957348350407,0.20694516408825914,3.0980039699003283
1068.068068068068,0.1837391770573267,0.2076050267863043,8.235035242124571
1068.2682682682682,0.2045568312324499,0.20088507570349046,9.928040554102829
1068.4684684684685,0.20408195221325448,0.22374055084242825,9.29789265404679
1068.6686686686687,0.18854337297308416,0.26259119275372905,2.5700211855156607
1068.868868868869,0.18876121809676505,0.25170613955395665,0.7412143318645464
1069.069069069069,0.202322912849117,0.13115735315095653,23.25482452275325
1069.2692692692692,0.16822038943581366,0.0788842263699768,4.486267139026937
1069.4694694694695,0.16853324529647193,0.254478470507085,1.3804401015411845
1069.6696696696697,0.18181441328683592,0.14060483949591812,11.048130804080023
1069.86986986987,0.19141551403705143,0.19890085860530932,4.1474685890939655
1070.07007007007,0.20140420015774008,0.15282783348151135,19.93462315286858
1070.2702702702702,0.22419524731458595,0.12243276760267591,23.69588083509546
1070.4704704704704,0.21134392181667955,0.24080712583731245,11.246682895832986
1070.6706706706707,0.19049514721621832,0.25289778909786614,1.4283068497624742
1070.870870870871,0.1928174139863339,0.18732434070330511,16.26614816180189
1071.0710710710712,0.17265165276352276,0.08781130991284303,8.494845594081006
1071.2712712712712,0.19183721047995517,0.19126844596744624,4.42181745202164
1071.4714714714714,0.18594031437193068,0.2393917383818313,4.6963793371590805
1071.6716716716717,0.19767470261176912,0.14708040090691904,1.9874237389398723
1071.871871871872,0.17418343650671966,0.2314219335423845,4.807819788304244
1072.0720720720722,0.20062363867922722,0.22271986559142212,2.6063757637895306
1072.2722722722722,0.2204011179476768,0.2536847609763965,2.3954274839565706
1072.4724724724724,0.18708179542297343,0.23193738482197937,1.3137507269369268
1072.6726726726727,0.19680296798157465,0.17854639708052317,16.86396605617166
1072.872872872873,0.20208447388818002,0.2882731389624498,2.652953629899863
1073.0730730730731,0.17977121930859413,0.22176599158231852,13.861283030708297
1073.2732732732734,0.19179273594632712,0.22957828063903693,3.1930310934180977
1073.4734734734734,0.18707926333195016,0.18553422235534145,1.4288295606828783
1073.6736736736736,0.18829878617940693,0.21129063990771582,2.0615990643478495
1073.873873873874,0.17040428562064064,0.19047471240381447,10.590248495929002
1074.0740740740741,0.185875318243642,0.227330548110213,3.921384739462384
1074.2742742742744,0.19486717844774928,0.3228291292323915,2.096748680853196
1074.4744744744744,0.21345369493231967,0.16991729694259494,10.91837929930475
1074.6746746746746,0.20314140947491,0.1591056713070954,12.738204671716826
1074.8748748748749,0.22654641988112578,0.3146163263161941,14.030193345238096
1075.0750750750751,0.16766425226833753,0.23186831971482835,9.64442169005933
1075.2752752752754,0.19998775132401203,0.2101601283052767,4.689521639177925
1075.4754754754754,0.18574006311637684,0.29689077233912187,1.0832614547070263
1075.6756756756756,0.22540296233141555,0.2158989876971489,6.635252692568707
1075.8758758758759,0.16497646160380022,0.33876687386878185,2.064214103637957
1076.076076076076,0.16388540362979986,0.2826516447610202,1.0028744618545975
1076.2762762762763,0.1682313365966705,0.2256510258827915,1.4692675022221204
1076.4764764764764,0.13728260607809462,0.35920547663936375,1.0472820709271697
1076.6766766766766,0.1687887791744003,0.22234995649945022,3.1256630033576114
1076.8768768768768,0.1636666591608309,0.29103821721215023,2.12443843523008
1077.077077077077,0.18140474019287414,0.2701978750897014,1.7946704495646109
1077.2772772772773,0.18478170067293392,0.3216221016083633,2.2585693852609654
1077.4774774774776,0.21502192437649095,0.3359143236821104,2.0517263687582576
1077.6776776776776,0.19606116542814903,0.2607445755854449,9.234799870520186
1077.8778778778778,0.16507109593172464,0.22278089833741127,6.866548789689637
1078.078078078078,0.15819969974726775,0.2847595839365216,0.4329231958109736
1078.2782782782783,0.18556758868793072,0.22918609614675703,2.080228324847956
1078.4784784784786,0.1488881851215709,0.36505375938728035,0.30997676831757837
1078.6786786786786,0.21148814422650875,0.2725252820220588,3.310156441988747
1078.8788788788788,0.1980164100891176,0.2487480839176472,4.658919677050575
1079.079079079079,0.16461529573786524,0.27756529176012174,0.708323986203711
1079.2792792792793,0.13930992460882605,0.20229348728683222,0.8776989409035169
1079.4794794794796,0.20022651709442146,0.2223889767287547,2.645900662898347
1079.6796796796798,0.17043741757535608,0.33231154375853555,2.2900976972327967
1079.8798798798798,0.19706641820745743,0.24076853809977505,5.387467186454925
1080.08008008008,0.14000619079361548,0.22259128169028533,0.9470593742200543
1080.2802802802803,0.15949471164352425,0.3030941633724554,2.0504786962387973
1080.4804804804805,0.17117741169711426,0.3368724855535813,1.2433321813698444
1080.6806806806808,0.17160537369440587,0.3148616935405425,1.7447450037351797
1080.8808808808808,0.16126061578082113,0.3300441015123846,6.166720277244788
1081.081081081081,0.1823180669877972,0.24373053190999378,11.177475485005326
1081.2812812812813,0.14811082278842588,0.21180914285374264,0.7665938088246147
1081.4814814814815,0.16622086447872256,0.35929651017485587,3.016098303563731
1081.6816816816818,0.1710826889407606,0.26942668931906444,5.152839976156408
1081.8818818818818,0.17857701368528864,0.2743505271530445,1.2180561873766904
1082.082082082082,0.18213517276512806,0.3546339655174666,4.214470322074295
1082.2822822822823,0.14502788768052127,0.31736836375691585,4.066548541920512
1082.4824824824825,0.1364595548219796,0.3136843218201876,0.3983959984203023
1082.6826826826828,0.19231977576426307,0.4004735260917386,1.0107958861120931
1082.8828828828828,0.17304025066048329,0.2613813192755306,6.583767157322116
1083.083083083083,0.1510553380905003,0.34128334606423993,1.5107271605107377
1083.2832832832833,0.196682611002706,0.2990763322761827,5.879188171054637
1083.4834834834835,0.1676110077412576,0.31098979442875074,2.673350733125714
1083.6836836836837,0.1885248794702033,0.37531821491369066,3.0444501915930906
1083.883883883884,0.16593423925048723,0.3256212437335131,0.6321277661584435
1084.084084084084,0.20544731063055427,0.3284789119790489,8.79051182621878
1084.2842842842842,0.19899123539154323,0.35652405734470116,7.534663357697395
1084.4844844844845,0.15856082074475622,0.2859855073664518,1.5810567407316936
1084.6846846846847,0.1826308611671388,0.26360692532516083,3.3647978969620773
1084.884884884885,0.17576998696963034,0.2546609659044842,0.936108165015525
1085.085085085085,0.1899018461192433,0.20991730570689,7.882480817075038
1085.2852852852852,0.14290124730022835,0.4123788345051048,1.1088681857608158
1085.4854854854855,0.1755950348231676,0.2557409764384851,3.004837343071429
1085.6856856856857,0.18272060467574985,0.30117114478666374,7.110200933593392
1085.885885885886,0.12605928698331953,0.29972504740022676,0.608228795656413
1086.0860860860862,0.1372547525562144,0.33026732958788857,1.4431572980832448
1086.2862862862862,0.11982504115485337,0.35701447421479887,0.22098958234491356
1086.4864864864865,0.1549152568101574,0.3605811842270148,1.183381363858613
1086.6866866866867,0.1743519249826442,0.2897327522078935,2.260685071911514
1086.886886886887,0.189749915146669,0.31185881169060575,3.747078186334437
1087.0870870870872,0.16089040171159208,0.33567126791180446,1.1602131369539357
1087.2872872872872,0.19169061625899095,0.31043412773725143,2.9396497607793624
1087.4874874874874,0.13123017175151624,0.4045613580884645,1.0485576190109027
1087.6876876876877,0.12448257268835088,0.3500671446681856,0.41681310328944915
1087.887887887888,0.15716144130274132,0.36358546776909756,0.34552792126878334
1088.0880880880882,0.1656800591482951,0.3613076279362037,6.161890981654676
1088.2882882882882,0.15707541859917168,0.3881579891968115,3.329973191366034
1088.4884884884884,0.11611527045191283,0.33985479304438565,0.17342804764434455
1088.6886886886887,0.15542077262723283,0.26728016470692706,3.3766749716336197
1088.888888888889,0.13085713259124282,0.353422776199753,0.46297949998128657
1089.0890890890892,0.17008763669713872,0.3021856613085306,2.7649139972290917
1089.2892892892894,0.16377815298104012,0.30963625160827335,2.391791130704665
1089.4894894894894,0.1374049587397214,0.36669726014474796,0.6371824876005086
1089.6896896896897,0.14568597100725478,0.4006035216769937,0.4253285074882613
1089.88988988989,0.13454420625671684,0.34106153287513596,0.467168190626689
1090.0900900900901,0.15424449807243334,0.35674640936035107,0.5817296908629923
1090.2902902902904,0.1743749888198397,0.4277204712169591,0.6704661259754242
1090.4904904904904,0.13533616558236644,0.3559504506627289,0.7288561620218975
1090.6906906906906,0.16491466481580336,0.475298059518831,0.47709004908069164
1090.890890890891,0.14401615576994778,0.374788484688484,1.5015353414003685
1091.0910910910911,0.1385559720446892,0.25977189166864945,4.4390815230543055
1091.2912912912914,0.15206950979338288,0.38677200876273155,0.6233351705669602
1091.4914914914916,0.13330654696834604,0.36945555822815523,0.8257817348403097
1091.6916916916916,0.14274429176776693,0.4161757435914067,1.0228686641472815
1091.8918918918919,0.1296702319649008,0.38663533851201576,0.8285780548631474
1092.0920920920921,0.19273745088756516,0.34733927760232575,2.941056021043153
1092.2922922922924,0.15396804267285163,0.2943305543706138,2.9776982656841167
1092.4924924924926,0.13909276792296352,0.3463752190813503,1.3059968925598242
1092.6926926926926,0.1571960833764762,0.3155787443293514,0.5905239603387638
1092.8928928928929,0.1505038489898887,0.33035439204663153,2.541013230585448
1093.093093093093,0.14816967719853538,0.3900826378423625,1.8107162618609345
1093.2932932932933,0.164715812945405,0.44541939481306686,0.531049314355617
1093.4934934934936,0.16743080914091998,0.38292544037309195,1.4590250417911548
1093.6936936936936,0.1415235894359852,0.30466259092429604,2.007785553476846
1093.8938938938938,0.14047500120989337,0.38794888710955705,0.6315726081064856
1094.094094094094,0.146352896153724,0.4268094110302483,1.6744050457968007
1094.2942942942943,0.10568289508640005,0.33774479173721306,2.348964149078494
1094.4944944944946,0.12128972291950327,0.3627861401922608,0.2700812323874254
1094.6946946946946,0.1788081055956434,0.3714713753496273,0.6249731052826394
1094.8948948948948,0.1842519132178833,0.33273886689569676,3.2429193526690145
1095.095095095095,0.14625865130533997,0.40564141550314486,1.4020155454705217
1095.2952952952953,0.16266221029495986,0.3684203365840951,1.1435299855805978
1095.4954954954956,0.15725266970256754,0.39668140011886466,3.393085892539383
1095.6956956956958,0.2125067853601969,0.3325638315587326,1.4372831552253882
1095.8958958958958,0.1732270868701109,0.3562957616352176,3.1709068398979867
1096.096096096096,0.14818858250978376,0.4155144996360787,0.4831096661603454
1096.2962962962963,0.13155240635613646,0.36197699349269685,2.6740271213862474
1096.4964964964965,0.11845551311112168,0.4681864727968499,1.3552836796519
1096.6966966966968,0.15457988799440608,0.36307245556352846,0.640088261706009
1096.8968968968968,0.1353147349419735,0.3955007870603084,0.40637134005794523
1097.097097097097,0.12193277593639261,0.43210462562710583,0.7256709979500303
1097.2972972972973,0.13738746483698822,0.3157615241598437,0.7271340576272668
1097.4974974974975,0.1286340128603643,0.29984023684234407,0.8219456340570852
1097.6976976976978,0.18395883946795757,0.3127948147310558,2.851595028637988
1097.897897897898,0.16780482406877367,0.4533998217281151,0.2159123977076482
1098.098098098098,0.1499735910027106,0.3638666753107386,1.0473397802482538
1098.2982982982983,0.1796979381483678,0.5205544399402042,0.5246446595871239
1098.4984984984985,0.15161743311293543,0.3656128630109805,0.7350981543248064
1098.6986986986988,0.13282039747534813,0.4042293970429193,1.7955308295141201
1098.898898898899,0.18048958294508155,0.47327968770545065,0.4288283677200434
1099.099099099099,0.16079132942879726,0.4976469097247893,1.3267805042258336
1099.2992992992993,0.1292592412817029,0.5015811844159744,0.2529264570826764
1099.4994994994995,0.14619343617560673,0.4600836705834793,0.47858593231063284
1099.6996996996997,0.1324888999908015,0.45202340038657035,0.8310845609898746
1099.8998998999,0.12235133560685585,0.4315970467385614,0.4858982633445735
1100.1001001001,0.16854195558312304,0.44203463717743385,1.7015054595402168
1100.3003003003003,0.18822281997729257,0.37669858952137275,4.7721510332806885
1100.5005005005005,0.12208422474449757,0.36448458018797625,0.39418663617578586
1100.7007007007007,0.16134105441216115,0.40635775694369974,0.6775941321471662
1100.900900900901,0.13709991354331094,0.39914446016730404,0.2721755105906145
1101.101101101101,0.14040635117205263,0.3861147061321897,0.38869523666122013
1101.3013013013012,0.138342069341778,0.44471305411714374,5.639598187771163
1101.5015015015015,0.13295621235268396,0.45877162139011884,1.1700011423264551
1101.7017017017017,0.1512575265482345,0.41653444101372034,0.28449531866862077
1101.901901901902,0.13372413911069758,0.4870933436785476,0.13290019877684336
1102.1021021021022,0.1558133009946937,0.3572300849261022,1.8398736427246865
1102.3023023023022,0.14946539480641505,0.405724177871872,1.3151724393480597
1102.5025025025025,0.1457621514380782,0.3806535055473459,1.3672561658361644
1102.7027027027027,0.13246575026859955,0.32425007357534785,0.6817918618755429
1102.902902902903,0.13916245617985168,0.4145199169006363,0.5722574640300783
1103.1031031031032,0.16589150663522523,0.4136383384851869,1.5278028271122097
1103.3033033033032,0.16089275664734784,0.4964646319967115,0.7475336809724028
1103.5035035035035,0.13141896113252258,0.453393780719586,0.07222326182158748
1103.7037037037037,0.15305727804380218,0.37169948040748063,0.9098781133652628
1103.903903903904,0.16620384300581814,0.5166636015371255,0.35767128137218374
1104.1041041041042,0.11789835564766282,0.4860552892908214,0.2848827505850913
1104.3043043043044,0.1622689069198539,0.4551475541589033,9.63026959247353
1104.5045045045044,0.1382693392187933,0.41575191541771034,0.8248842363351637
1104.7047047047047,0.1630587565832285,0.38013195077956624,1.018115461923783
1104.904904904905,0.1365114138605617,0.41051566117755334,1.2615503646487394
1105.1051051051052,0.1158136007172891,0.48457976792458163,0.3448099836160495
1105.3053053053054,0.11949985817977343,0.5253821935264316,0.29844115113138664
1105.5055055055054,0.15315667457097235,0.5093197552629583,0.8949802420315994
1105.7057057057057,0.15753848441028717,0.4087139229663707,5.209892179261466
1105.905905905906,0.1344115357140812,0.37816840770371507,0.27189721308936493
1106.1061061061062,0.16542831092015936,0.44218050291589384,1.4739349069861984
1106.3063063063064,0.1195893978248193,0.3476951154336296,0.24775718654602022
1106.5065065065064,0.15166626785367052,0.4532503008193111,1.0986663998861443
1106.7067067067067,0.12894031517861937,0.43068051203783947,0.21425714578950159
1106.906906906907,0.14030138564391326,0.41572139420588544,0.4633948941866095
1107.1071071071071,0.15446822534894764,0.3602444527195303,0.9443248691815137
1107.3073073073074,0.13649878598543483,0.4666097644409174,0.9947729992793642
1107.5075075075074,0.1462073823034462,0.4152385940914319,1.5623817843484777
1107.7077077077076,0.1742204086155203,0.38431535314968995,0.596320679555337
1107.9079079079079,0.14275737398518587,0.3001292832777853,1.2806443514417076
1108.1081081081081,0.17121429215667888,0.44329144637262186,0.6415516382135998
1108.3083083083084,0.13211611039246937,0.5341981266342529,0.10594228796690613
1108.5085085085086,0.1655206666230874,0.5295603792987115,0.5490698529922815
1108.7087087087086,0.1839748075897037,0.42454795349883345,1.2489705251257102
1108.9089089089089,0.10593389188950415,0.41819094673504303,1.6658266785536973
1109.109109109109,0.13965669572266357,0.4726324416242289,0.6773349982494304
1109.3093093093094,0.16736831171289032,0.40015999183908907,0.4307810626632741
1109.5095095095096,0.15200265590964637,0.46604771024238884,0.4238544922402847
1109.7097097097096,0.16372757796652143,0.4901342579602883,1.733597692059176
1109.9099099099099,0.1444704318829533,0.5140422725228629,2.3311334092567826
1110.11011011011,0.15853176013801257,0.44854647475253434,0.23677925763603205
1110.3103103103103,0.15394057707239914,0.44422222004102613,0.1725587420946906
1110.5105105105106,0.18066822355908999,0.41135163098054195,7.159082684994066
1110.7107107107108,0.16266373699393014,0.41474468155594435,1.490207724541742
1110.9109109109108,0.1645943621015936,0.44559574245730993,0.48657264908618414
1111.111111111111,0.14987598244786848,0.4761119620358993,0.9245221803121578
1111.3113113113113,0.1486368072017521,0.5042398928022848,0.06176134111327204
1111.5115115115116,0.15001734724642446,0.4192116275223815,0.8059933861012316
1111.7117117117118,0.1668412745630303,0.5348078197722692,0.8503712458351256
1111.9119119119118,0.15082037577607552,0.44741289449011884,1.4899086797116783
1112.112112112112,0.16532748033101516,0.46068922455843864,0.40788731031982484
1112.3123123123123,0.20133597184018398,0.4251783164525779,2.339928590571419
1112.5125125125126,0.17755044782737633,0.34210096013656005,1.0167354437072804
1112.7127127127128,0.15391147616450387,0.5082820428426139,0.6909195620149938
1112.9129129129128,0.1847641829979684,0.5016814607395212,0.5391003714856797
1113.113113113113,0.15289028868159682,0.4515250400525894,0.5272744605316863
1113.3133133133133,0.12060509961494909,0.46968573146079134,0.1311772564818207
1113.5135135135135,0.14152552922336903,0.49287052667583964,0.7635982283831664
1113.7137137137138,0.12459492106086965,0.38967620279990367,0.9667329808048901
1113.9139139139138,0.15530780034175717,0.4420733187868337,0.670935690894777
1114.114114114114,0.16303752185275813,0.508954138628086,0.7080792276184836
1114.3143143143143,0.19653272529157928,0.40723384862513207,0.6892913035160468
1114.5145145145145,0.16988105827992286,0.48532606316874943,0.7022421111250927
1114.7147147147148,0.1593027050477875,0.40351132357980557,1.030610242334271
1114.914914914915,0.18061867083897942,0.49534652982889044,8.561792747635433
1115.115115115115,0.1201573007451735,0.4709199126460057,0.11726517741454481
1115.3153153153153,0.16944531490172865,0.39261466102961246,4.536582937345035
1115.5155155155155,0.18050687816363145,0.5322697638175117,1.9374622649909632
1115.7157157157158,0.1358778979225651,0.437957011269524,0.6478618096867199
1115.915915915916,0.18868821418383336,0.4348199829028816,6.7746124451428225
1116.116116116116,0.17294999745682377,0.4859992711195583,1.275383043595907
1116.3163163163163,0.15824463575507897,0.5340330486726512,0.745059944991304
1116.5165165165165,0.17957970771396026,0.4264325955618394,1.3945297852455671
1116.7167167167167,0.2127149180970711,0.4809222919568233,5.334143664042134
1116.916916916917,0.1713186530074599,0.49988581770799767,2.05470961104295
1117.1171171171172,0.17302924491121577,0.5136990195369957,0.5006364840931878
1117.3173173173172,0.15926432035991153,0.48845659001123726,0.24398397278863995
1117.5175175175175,0.15184451726586723,0.4618658936488401,0.5759902951541501
1117.7177177177177,0.18584110936503845,0.4394125222554722,0.81064784273811
1117.917917917918,0.15250878759228617,0.4856659238589874,0.5805253548415775
1118.1181181181182,0.17146090294237115,0.4283103990231459,3.299238455015404
1118.3183183183182,0.16087854637039245,0.3364003439832597,1.0773245032980778
1118.5185185185185,0.18041637165660843,0.5048382510048378,0.9656396950006487
1118.7187187187187,0.17791801922289674,0.5287412454390931,0.884610139610337
1118.918918918919,0.19240645923570518,0.3659239503527979,4.942197411835706
1119.1191191191192,0.16186905569447402,0.4341019083692001,0.16134436126015445
1119.3193193193192,0.167088406919501,0.5160558077969365,0.44452060618245853
1119.5195195195195,0.15332991016102301,0.5884742763449677,0.4407739374004682
1119.7197197197197,0.16444131301243325,0.48713233099722586,2.061408194357329
1119.91991991992,0.1812978544145779,0.45017735398616365,0.901347402247059
1120.1201201201202,0.1893189132774129,0.4779092255144214,0.30157902219370053
1120.3203203203204,0.15616571808800866,0.5562660849148048,0.7654438120912881
1120.5205205205204,0.19243357076285061,0.4556839204033669,0.9631642963961244
1120.7207207207207,0.20258913815910212,0.4484740229644225,0.7672644104936116
1120.920920920921,0.1841824649232167,0.46473954955380137,0.7966179202682073
1121.1211211211212,0.21388948241328787,0.441644986311751,2.1453711170344834
1121.3213213213214,0.16131995084342857,0.4958711929237967,0.4355097247954185
1121.5215215215214,0.15234713447757128,0.5713894108017098,0.06789558645741336
1121.7217217217217,0.14211259780090874,0.50671879403652,0.8800976621742791
1121.921921921922,0.20805689899432842,0.4783480112958303,5.209845884133578
1122.1221221221222,0.19167452663697226,0.47676747464529007,2.393425478042836
1122.3223223223224,0.1779288663867513,0.4135823275399381,0.6046128112488933
1122.5225225225226,0.185095378751094,0.536272647817401,0.7949648607421985
1122.7227227227227,0.15744372618764715,0.4885920344832972,0.6693895118517315
1122.922922922923,0.22932805628270383,0.4838180620849854,4.1496844753744435
1123.1231231231232,0.18345891249184818,0.6528470116938245,0.8628232743354408
1123.3233233233234,0.1835257732723783,0.508470250795663,0.579031911537956
1123.5235235235236,0.19631846832086963,0.4562754063025361,1.8282381710050335
1123.7237237237237,0.19189040225627482,0.47287079898025935,2.0975193821194402
1123.923923923924,0.18721675640045493,0.5519260363706202,2.8806389822531706
1124.1241241241241,0.1674001746346343,0.5004736816637202,1.3807705915191666
1124.3243243243244,0.1931113010976177,0.42319399690735676,3.5850003562408035
1124.5245245245246,0.22179632915722255,0.5413583884396143,1.8339597206389913
1124.7247247247246,0.2115397330000574,0.4622700816506005,6.6692777848537315
1124.9249249249249,0.2169720973912666,0.5896138047995385,1.7314887613325
1125.1251251251251,0.17536257624523097,0.5502142230833352,0.362077574227581
1125.3253253253254,0.16627476246997436,0.47409989086346327,2.691212650494288
1125.5255255255256,0.18403248566771277,0.5607622203029661,1.4154595695249494
1125.7257257257256,0.18814543537077377,0.500340834104192,0.8304095419180796
1125.9259259259259,0.2093987800428581,0.5398146279482566,0.9629284730306186
1126.126126126126,0.15415092062292973,0.5216316897754074,0.6716043647302709
1126.3263263263264,0.21907768552242585,0.455287530226435,3.6588624156690686
1126.5265265265266,0.18581414070619784,0.46562938540617843,1.5783040076329293
1126.7267267267268,0.18092540159275297,0.549497622953874,1.0355216821049313
1126.9269269269269,0.16971071559986664,0.48144470294715297,3.532923450227047
1127.127127127127,0.15734645650486476,0.47817610810382727,1.6669224104161955
1127.3273273273273,0.20739874600569116,0.4507686304516138,2.4842390840149613
1127.5275275275276,0.19289434632913344,0.5198620998889272,2.487521460810716
1127.7277277277278,0.1661222805605639,0.6019569317896316,0.20165044475655117
1127.9279279279278,0.16651424414564403,0.445593724746086,1.3954343486573426
1128.128128128128,0.1861952065634561,0.5003121671162509,4.853589977995935
1128.3283283283283,0.22678712234135212,0.5698341792436689,1.350511445186664
1128.5285285285286,0.18871131674054004,0.4953541670362104,0.622467548059846
1128.7287287287288,0.1643373475394224,0.5220590344358422,0.3925105060755159
1128.928928928929,0.18998296925033387,0.44641609449940406,0.6706776410112171
1129.129129129129,0.1899414943020114,0.5210375660638621,0.5889339199936943
1129.3293293293293,0.14195682932481432,0.49034254841385105,0.3451628197151666
1129.5295295295296,0.195307672702638,0.5490549186189597,0.34346774939928437
1129.7297297297298,0.19227424864051787,0.559197482236851,0.9634704415147962
1129.92992992993,0.21131674707847842,0.6293572235746028,1.9190666768634386
1130.13013013013,0.2348716834767344,0.528902660675777,1.0789292863942508
1130.3303303303303,0.22092401512860058,0.5162438752433585,6.466424613179026
1130.5305305305305,0.19351525473550776,0.5096974272778397,1.8756278517327898
1130.7307307307308,0.17726293529867626,0.48233514465312893,2.3978151098343075
1130.930930930931,0.25136113524104886,0.5169239921924024,1.7740756541448244
1131.131131131131,0.20157880418612037,0.48522716358661144,3.2193048564609392
1131.3313313313313,0.20117347815164305,0.5084088104441485,0.5999224882622886
1131.5315315315315,0.20091275771100764,0.5658452599219371,2.188177750643722
1131.7317317317318,0.20585718200413947,0.4496089712697163,2.3979532484357433
1131.931931931932,0.19950831595911803,0.5568918401676933,1.705208188991809
1132.132132132132,0.19142208143856676,0.5657065759417728,0.3540645960091333
1132.3323323323323,0.19245765002026896,0.493891406671812,0.6466845001006017
1132.5325325325325,0.2032389305496328,0.3936372009939705,4.263047504126282
1132.7327327327328,0.19352427746384712,0.4692650648787963,0.71459193503453
1132.932932932933,0.19063419401206122,0.5644232185025179,1.3030999149885778
1133.133133133133,0.2075175609119583,0.4983385273339939,0.5643406150440664
1133.3333333333333,0.20078671873168272,0.44941637451970035,3.778618875481142
1133.5335335335335,0.23646283977332905,0.4740334166426923,1.1209008861038237
1133.7337337337337,0.15385966118421698,0.5411849663516707,0.7423814896805742
1133.933933933934,0.22920458246307113,0.5263635767752673,3.420849803596383
1134.1341341341342,0.23279079843164227,0.48694436342058234,1.5271467211040104
1134.3343343343342,0.16689515061153673,0.4804049605307261,1.3694735241872484
1134.5345345345345,0.20200222609247123,0.4790046355880417,2.0799749685840805
1134.7347347347347,0.2019192960042971,0.4523095517524701,1.2522811350064138
1134.934934934935,0.18168907810404925,0.5790275266422824,0.31540661189336194
1135.1351351351352,0.1947731910269949,0.48196257078330357,0.30469666540261237
1135.3353353353355,0.18860718563705944,0.5587475512664323,1.1792334859409714
1135.5355355355355,0.24635220515421807,0.5737576461242085,0.6023522379951141
1135.7357357357357,0.23050732495314077,0.547400802867925,2.055070803964087
1135.935935935936,0.2377106380663849,0.4756888620865164,2.458462803630215
1136.1361361361362,0.2271975261207379,0.5172322169221845,3.6239773731151006
1136.3363363363364,0.1906663191344441,0.49560299167260874,0.9972392548691162
1136.5365365365365,0.20323889157428543,0.45138597381991963,1.5218077571025992
1136.7367367367367,0.22399735479734545,0.5125385718481763,3.6824315052936645
1136.936936936937,0.19024645024714437,0.43710941630494493,2.2070797032191223
1137.1371371371372,0.22942664605006108,0.5551774421251378,2.3201434295363867
1137.3373373373374,0.21083632081213396,0.47228595534649764,2.9529993008984405
1137.5375375375374,0.20862099654993294,0.5052894435049,0.485275732607843
1137.7377377377377,0.23080958103451424,0.5091018004868885,4.2441744191235715
1137.937937937938,0.22594695452233834,0.48168942321637037,4.025417106221697
1138.1381381381382,0.21031196202639185,0.5236579592427902,0.6896888552068368
1138.3383383383384,0.24118572183482417,0.47025802974860326,2.6992679883981294
1138.5385385385384,0.19684389613755754,0.5372393812597227,1.1172222948191641
1138.7387387387387,0.2312480615510579,0.42603821121600777,3.172372434230503
1138.938938938939,0.23125366458349794,0.49931024310352984,3.199164729226636
1139.1391391391392,0.21366105761793697,0.5895831884388203,3.7158052312712875
1139.3393393393394,0.226833004670754,0.442257067865355,7.234976077345691
1139.5395395395396,0.1957443954343009,0.4580147185993862,0.5880370802053526
1139.7397397397397,0.2397014492733466,0.5172171466103954,4.176608822728941
1139.93993993994,0.21797498176386054,0.5001121011302146,5.742914836861942
1140.1401401401401,0.21166850806041945,0.5082672631186324,2.341367475300627
1140.3403403403404,0.24355088025604138,0.5147893666910175,6.504718147854654
1140.5405405405406,0.2089292876253427,0.5216518596166608,7.679790563723225
1140.7407407407409,0.19529009499878805,0.5449780967143407,2.4469155871441357
1140.940940940941,0.19276754633406565,0.5095529171373389,1.502198415273999
1141.1411411411411,0.23645874292975216,0.47655956168000596,6.845084412070858
1141.3413413413414,0.19916593224216234,0.5218031896108891,1.4570707870656074
1141.5415415415416,0.26030389592747644,0.5827122814033722,2.489507672235586
1141.7417417417419,0.18400039129650328,0.4806218177368134,0.9121889142757079
1141.9419419419419,0.2599965049743746,0.4380540212029289,17.511344986843657
1142.1421421421421,0.23071351316976574,0.5416531833295977,1.0213848974007333
1142.3423423423424,0.22498203320463725,0.4797904585801323,8.356699185789367
1142.5425425425426,0.216438348323829,0.3766781316784273,5.350127815250346
1142.7427427427428,0.23573714783932018,0.5271765325001995,0.7439607704190524
1142.9429429429429,0.2274166460174956,0.45752464901175427,3.8201478831602245
1143.143143143143,0.25064746966726914,0.479241796771737,0.6689711090993052
1143.3433433433433,0.23127521311696367,0.499836696176601,4.030546795681687
1143.5435435435436,0.2324030186411454,0.49222372221946153,5.2423603158082805
1143.7437437437438,0.22252811687384258,0.5176242514918105,1.216199470802556
1143.9439439439439,0.22906184036970667,0.4598221526958823,3.185945647653878
1144.144144144144,0.23675415384873894,0.5066884846322751,12.23757588728095
1144.3443443443443,0.19678905032947308,0.4674845223375165,1.089253877320841
1144.5445445445446,0.20441990402851765,0.5168230051920624,0.6246432634633045
1144.7447447447448,0.24663694401797284,0.5100634695185343,9.514091020917322
1144.9449449449448,0.23557383706345605,0.4319277897832953,17.594140310655273
1145.145145145145,0.2288585056703312,0.5323955021731804,2.007504701008772
1145.3453453453453,0.23328523484775557,0.4506869643671006,7.233347512488375
1145.5455455455456,0.2402432758614664,0.5172688627961206,7.483258617820538
1145.7457457457458,0.2228681979111806,0.4946032983856813,1.216621534021422
1145.945945945946,0.21846567371867912,0.5675132278873819,0.9679644341388608
1146.146146146146,0.23831364007310996,0.46378803603319324,8.700372325286612
1146.3463463463463,0.21519079962888907,0.4568449948441336,9.062761955924511
1146.5465465465466,0.24328134774698298,0.47268159121694636,5.242043946606882
1146.7467467467468,0.2014191393657509,0.457827585908573,0.9193561677882839
1146.946946946947,0.2564048888585494,0.5123099700230269,16.148077895680235
1147.1471471471473,0.24562110109906998,0.39081597071850827,3.402323310981684
1147.3473473473473,0.24163349734627987,0.4182583630800345,3.2760061394686373
1147.5475475475475,0.2565068149748406,0.41685570822221185,6.991427517555798
1147.7477477477478,0.2704988841707445,0.5170570225536988,13.450695907425303
1147.947947947948,0.2578094702099543,0.5543605499888485,5.3881421030614005
1148.1481481481483,0.2010334982198751,0.46288814028559017,2.5084169219641845
1148.3483483483483,0.21258456480052698,0.45894274838557286,3.233794809882873
1148.5485485485485,0.2260010286448993,0.4701522218785593,2.707400009446912
1148.7487487487488,0.2393366598477466,0.5240018865736304,3.815611810167747
1148.948948948949,0.2494815686715926,0.41879128402428767,0.6314685570111866
1149.1491491491493,0.2249231407743006,0.4763210040882345,1.9666160857271062
1149.3493493493493,0.24347902943391317,0.5123987292697378,3.3324956823063223
1149.5495495495495,0.22493773030746742,0.4879225617285704,0.9370752161732948
1149.7497497497498,0.22811271517835896,0.4715686864692529,3.653568961489328
1149.94994994995,0.21250348923079448,0.5113564442901193,1.4565125955888787
1150.1501501501502,0.2224616143984352,0.3253498756283507,20.786877133712128
1150.3503503503503,0.2141780545699802,0.49360545876480544,6.781953250768779
1150.5505505505505,0.22197561958949735,0.4262009986528562,2.1072561660928155
1150.7507507507507,0.26284310096310765,0.3665591514327564,6.599766490061529
1150.950950950951,0.22305528227806298,0.482829899413074,2.209377755042256
1151.1511511511512,0.29495968366308956,0.5251246661141467,3.514981241540911
1151.3513513513512,0.2524429430516451,0.44873431567665434,5.010554143963032
1151.5515515515515,0.24653358402462258,0.5024085416382819,1.644810448433895
1151.7517517517517,0.22592569023324358,0.5345299078595164,0.7661551385334059
1151.951951951952,0.25735070983114705,0.518806043933814,5.316034972618155
1152.1521521521522,0.23207907902742883,0.534196057736263,3.4468704168320787
1152.3523523523525,0.24627498727576336,0.4884349379624516,1.6938313410024977
1152.5525525525525,0.29527504495635437,0.454224238334549,14.774287518664867
1152.7527527527527,0.2423863032781535,0.36947155862615666,3.33440534596801
1152.952952952953,0.2675226752921613,0.4363773568068605,6.840838261954349
1153.1531531531532,0.230698925153297,0.4056221622071839,7.479091933783598
1153.3533533533534,0.24428344356139106,0.5554290572761694,2.1818357169638904
1153.5535535535537,0.2806154785056995,0.4371785190710463,9.46308555470477
1153.7537537537537,0.23287184809665934,0.45121743767211603,2.1117729193414534
1153.953953953954,0.2818673336949686,0.47170939389922917,4.803559818869972
1154.1541541541542,0.2599760035912927,0.4453867563671478,4.097967231252371
1154.3543543543544,0.23476964047534218,0.5270243175571614,1.2371151537916232
1154.5545545545547,0.25886053080866656,0.4101980931045585,4.926618787698202
1154.7547547547547,0.26585223459912355,0.45011343569229917,1.4782813401485286
1154.954954954955,0.25902146506005974,0.4023057836634109,3.993971388135611
1155.1551551551552,0.2153602238083812,0.37246822815751335,2.8659517082688595
1155.3553553553554,0.2323967412804818,0.40691477344603044,3.2222924773535566
1155.5555555555557,0.24215917536553355,0.4346791389389015,3.2773641004846157
1155.7557557557557,0.24578622242269327,0.41408753819023353,4.418579068386686
1155.955955955956,0.259848938965112,0.39994723444016234,8.883701990054794
1156.1561561561562,0.25114537003080517,0.3632620514980722,12.993703436949838
1156.3563563563564,0.22103554720823052,0.4284263386320354,1.7722292461250984
1156.5565565565566,0.2554926920065221,0.3563433868465801,2.7100048356325495
1156.7567567567567,0.260241952070485,0.46857413235192424,1.8760805083122465
1156.956956956957,0.2593627356978287,0.43367943566087924,3.4407408791948066
1157.1571571571571,0.2699144045244709,0.3556602172667138,6.511557559089451
1157.3573573573574,0.26510425686566913,0.4120519584010088,3.3009957574647206
1157.5575575575576,0.25773158688000136,0.3888735334388038,2.204507449260769
1157.7577577577576,0.24726197810490963,0.4414033880718563,2.8711296652335747
1157.957957957958,0.21555850446621863,0.49142490721962817,2.3033848568359327
1158.1581581581581,0.25747763081994596,0.32959594375483414,13.414799380766006
1158.3583583583584,0.253141665203831,0.42805256012699805,3.073051153842976
1158.5585585585586,0.2545172246652933,0.4132358588450781,3.7858179343157503
1158.7587587587589,0.22364349451019822,0.45374534557096013,1.3036273991024334
1158.9589589589589,0.22764522566773474,0.42976866434701433,3.200523593977308
1159.1591591591591,0.27041236752935505,0.3804355532253022,3.8920940348579696
1159.3593593593594,0.24863621659791707,0.40100125346142623,8.162199470732363
1159.5595595595596,0.2631303902439309,0.3760673794915587,1.7079495167202938
1159.7597597597598,0.2501348405293567,0.46857859133411217,2.819200943313582
1159.95995995996,0.2502267257725183,0.4147482674565003,6.268143284548056
1160.16016016016,0.26845543601797633,0.5076416072639807,4.587368434341997
1160.3603603603603,0.2394220433626674,0.40844340658761624,37.56441323498014
1160.5605605605606,0.2517135472786885,0.37494551882059696,8.118806607611551
1160.7607607607608,0.24058883073392306,0.3335646324672496,2.885781377921958
1160.960960960961,0.2411826233537394,0.3179729979379885,6.509442381308198
1161.161161161161,0.2437223196248201,0.32779799886831934,1.6755911930342873
1161.3613613613613,0.25437665118807556,0.41923117756012496,4.783967357718546
1161.5615615615616,0.24038221362574766,0.4301764302056011,2.0350664360061015
1161.7617617617618,0.27509051319085104,0.3245413135510709,22.409971275260553
1161.961961961962,0.23209644174800828,0.4472088202772212,2.073854250170136
1162.162162162162,0.24625934319249956,0.37715534516575133,5.120276957355606
1162.3623623623623,0.24120533354342072,0.40749502992827963,2.7017462202944387
1162.5625625625626,0.2789376810605081,0.4796089320711388,20.93757740106039
1162.7627627627628,0.25392237778304466,0.4426779790776455,3.4877812195126285
1162.962962962963,0.2706163228218928,0.3832432365543928,32.862634691134495
1163.163163163163,0.22025136643920049,0.35093960832026416,8.317537387924599
1163.3633633633633,0.2552817148616337,0.28673364727035855,14.736417466453036
1163.5635635635635,0.26770645706871127,0.35718774854277613,11.175414570410581
1163.7637637637638,0.2515276512136286,0.3814057516587499,8.121330907741221
1163.963963963964,0.2711547110545178,0.34141604095459577,2.01424586122275
1164.164164164164,0.23945747222364863,0.3830208801583385,3.959643560130031
1164.3643643643643,0.2779433374437502,0.3922310444024928,15.657989808642801
1164.5645645645645,0.2956825129633473,0.37594643667623884,10.316058827272622
1164.7647647647648,0.24239096076378877,0.3534860094130288,1.9452678130875465
1164.964964964965,0.24067588835006715,0.39321194549346095,4.591218745030155
1165.1651651651653,0.2785868666414632,0.40566554231630825,29.343208873157273
1165.3653653653653,0.2810388965397606,0.32783413232675795,30.97307291537017
1165.5655655655655,0.23891357499978205,0.45168261404791954,3.314775841977899
1165.7657657657658,0.24088541419339812,0.3749848840543607,11.261721288993337
1165.965965965966,0.2435668946041217,0.3796315085765787,3.9850794394597115
1166.1661661661662,0.22222208273385333,0.4128709810707361,0.8398499206012967
1166.3663663663665,0.23064163929288475,0.38788884938854074,2.0219466604261562
1166.5665665665665,0.22883053691108465,0.42264926275206827,12.09207673038156
1166.7667667667668,0.2334511738759364,0.38810968788698674,3.5456167927248363
1166.966966966967,0.24800230991440728,0.341889374979414,5.657198854086591
1167.1671671671672,0.2532643054831439,0.38934095489119624,4.5905143905365575
1167.3673673673675,0.2794691561679322,0.3128308294839028,55.38598616130162
1167.5675675675675,0.22836634539563908,0.37419336826340244,16.089693589183877
1167.7677677677677,0.2678893110953242,0.36584906421745556,47.12657890300487
1167.967967967968,0.24378769325562455,0.3558468951928576,5.315468474755736
1168.1681681681682,0.24693798662669747,0.35856508633818135,7.890852760093528
1168.3683683683685,0.2612786390568575,0.26963583918224815,3.5187733583052085
1168.5685685685685,0.22517800942031205,0.3350255375858645,16.536811836976064
1168.7687687687687,0.2551260726673402,0.36583473791633003,2.6453536830718156
1168.968968968969,0.25064759254213276,0.3679132972417687,7.4489379530814315
1169.1691691691692,0.25700350299907504,0.30726203692152243,3.848607949221384
1169.3693693693695,0.252769055084729,0.4206538906461494,3.0936563052179595
1169.5695695695695,0.2959181815522914,0.31277990601863415,7.5506280753277055
1169.7697697697697,0.2338791850613407,0.4032791604694454,2.5324066107131737
1169.96996996997,0.23583117893836106,0.37488122984493494,3.174823761796402
1170.1701701701702,0.2338007864248155,0.3199229740777804,4.024749822706525
1170.3703703703704,0.23496189789741434,0.439710385851468,6.794725779134279
1170.5705705705705,0.23312692472818844,0.2899712325422151,2.9649020035230165
1170.7707707707707,0.26945362827310954,0.39431680450425877,8.434124511461963
1170.970970970971,0.2738774365474639,0.39709207982943034,19.557113227896718
1171.1711711711712,0.2338419238451393,0.31223372570780494,4.304163080840491
1171.3713713713714,0.22839470167843426,0.41408773534441223,2.0219035223948825
1171.5715715715717,0.25425057452311495,0.33065989864114115,6.5959218249725575
1171.771771771772,0.2335537615978803,0.3562927377086186,13.320566824674302
1171.971971971972,0.25702834920874673,0.3535681159792844,8.581833578053953
1172.1721721721722,0.24819521781936557,0.3325287488477747,4.721795609674095
1172.3723723723724,0.21358449717167544,0.3784750137867047,4.997260222906179
1172.5725725725727,0.2746077068732207,0.3762977610107505,3.422699768678748
1172.772772772773,0.2793290052151365,0.2478838202180803,28.762841620340737
1172.972972972973,0.23090517704595984,0.3992129524312138,5.572789739359533
1173.1731731731732,0.23515209405521934,0.24955534834137805,7.076928555631809
1173.3733733733734,0.24836430829598746,0.38298981007013055,2.8759133550576137
1173.5735735735736,0.24907273830220256,0.38637891212865005,2.74812216890928
1173.7737737737739,0.2552868431626495,0.2741751512675713,16.368930987355725
1173.973973973974,0.2820481836948743,0.3068612967205897,34.336205628594016
1174.1741741741741,0.23802909082434953,0.2707940957319821,5.101875292947629
1174.3743743743744,0.22532186784329197,0.31400943428117334,8.150396443649123
1174.5745745745746,0.21341706851690653,0.3080288257821382,0.9063344317370297
1174.7747747747749,0.22609638409748542,0.36108757736140523,2.8300163724855265
1174.9749749749749,0.23975989763832267,0.3862930144218071,4.770592365519629
1175.1751751751751,0.27601699625910914,0.38923386872910515,3.810468675033398
1175.3753753753754,0.22947299431343665,0.2900125117760871,3.209229200511274
1175.5755755755756,0.2439963701666282,0.30633024734908404,4.545835567265906
1175.7757757757759,0.2388835841080435,0.23128911158271542,13.240436535238583
1175.9759759759759,0.26266740936852595,0.2738365094960894,10.166664210259794
1176.176176176176,0.28912179657366394,0.3610409568467825,1.7828765277310217
1176.3763763763764,0.22764551074366818,0.39224530878642994,0.7258055006555243
1176.5765765765766,0.22815000157691506,0.24841600580583234,5.0404186477428405
1176.7767767767768,0.2584941107474108,0.27917706695703426,15.679730676296536
1176.976976976977,0.25091705718597557,0.3061464306760652,0.9505088655379388
1177.177177177177,0.27387797273699754,0.3201408825566966,7.271411625533134
1177.3773773773773,0.2482832870060476,0.2643184815964106,6.675575072557938
1177.5775775775776,0.22907611078739404,0.3246673290924069,17.22864450070702
1177.7777777777778,0.24772864509238376,0.27843777451668095,6.910294818791337
1177.977977977978,0.257739617246901,0.30007249848289874,13.169490778412774
1178.1781781781783,0.25162162276729577,0.3267746591746214,8.731391489155033
1178.3783783783783,0.24500036505217318,0.2984469190406934,1.4885029567437678
1178.5785785785786,0.2558277910677608,0.27497195326359497,19.79682490276463
1178.7787787787788,0.2575161656207527,0.28997634272973716,12.076651326974968
1178.978978978979,0.2614059703353224,0.289704472424098,16.10940893682704
1179.1791791791793,0.24636614195559386,0.274288118087712,217.77559008725282
1179.3793793793793,0.22967539043179153,0.27851523679027196,1.3614054166180356
1179.5795795795796,0.23557452524007438,0.3700541493259528,19.81881826654523
1179.7797797797798,0.25638965977915695,0.3168349539841395,6.954307937644022
1179.97997997998,0.21553676358418616,0.27268265573564276,7.481698068109594
1180.1801801801803,0.2388617458306278,0.32097264050848684,6.451895215352384
1180.3803803803803,0.22323115094712706,0.2681028123441083,4.898229617814539
1180.5805805805805,0.23127935519724668,0.34211956244307645,3.408518175552486
1180.7807807807808,0.2558769509652727,0.30061572033797035,12.268272300022359
1180.980980980981,0.2337303132114004,0.27543957934147695,2.313359186865529
1181.1811811811813,0.23043448415318843,0.3018624634765095,11.835266860227664
1181.3813813813813,0.20190309524888422,0.19960565420087414,4.885752982533936
1181.5815815815815,0.24361683844119875,0.22048490605371934,4.797802555570596
1181.7817817817818,0.24119012489596897,0.21580187901004952,8.170902452936776
1181.981981981982,0.2711313762066999,0.28132122504817747,34.753322044384824
1182.1821821821823,0.22129376532248748,0.3594769113781505,2.752792487347118
1182.3823823823823,0.23141263444763577,0.38309446883485077,5.847701698098403
1182.5825825825825,0.2315948910871612,0.3021115846056534,3.6773437086408247
1182.7827827827828,0.2577312064978886,0.2939321479795081,18.32812339935121
1182.982982982983,0.22384853030807542,0.1775193176577029,18.901721162668416
1183.1831831831832,0.23090459094324448,0.23912223862849716,39.26531993597634
1183.3833833833835,0.23704927262689715,0.22555196800455068,9.122800157072628
1183.5835835835835,0.22818821280125962,0.23258556395826452,15.14459162946351
1183.7837837837837,0.21508959547156256,0.25390916098018035,7.0121844195108025
1183.983983983984,0.22745989842743047,0.23740190924042925,24.146668662072404
1184.1841841841842,0.24460820186071852,0.1607332703344111,9.116806640361489
1184.3843843843845,0.2021604109979679,0.2957873911564969,7.681633699959058
1184.5845845845847,0.2249029869941193,0.20345019750807758,8.346838810629027
1184.7847847847847,0.2077918249412498,0.2677470734871134,5.092874393353284
1184.984984984985,0.24524363777609698,0.35818821430748043,6.556082063514415
1185.1851851851852,0.19042529253187587,0.20721622875324322,6.541527637929596
1185.3853853853855,0.20925482604240414,0.1253745445139313,10.202455862147312
1185.5855855855857,0.22751968544741727,0.23629431442113147,10.2336096144276
1185.7857857857857,0.2508261119599334,0.30435031231785226,30.491632828376865
1185.985985985986,0.2177388541271077,0.34592976606633935,9.396132145054077
1186.1861861861862,0.2074861876015357,0.18524729159984102,16.14908887801205
1186.3863863863864,0.2557477755851642,0.27027448297326406,7.605842138470883
1186.5865865865867,0.18869699617035324,0.22089117921964202,2.3742937486017692
1186.7867867867867,0.1732120257791992,0.23757895147707284,7.079497264639034
1186.986986986987,0.22551758240268693,0.3738157475806442,8.467216755459864
1187.1871871871872,0.2062036823407537,0.16517487565558525,28.313462001461943
1187.3873873873874,0.19534595619445277,0.2517378445920012,2.8860200702106957
1187.5875875875877,0.2294620069853963,0.2611657038138373,6.525146550099597
1187.7877877877877,0.21969362527859873,0.2908033159963055,1.5640282065903206
1187.987987987988,0.20305728663552883,0.2401489391878477,4.147628072749114
1188.1881881881882,0.1882525827779271,0.24939097379548109,9.231276216727165
1188.3883883883884,0.23082624018665188,0.21314762346756336,7.007237657491668
1188.5885885885887,0.2258981996723191,0.24493099967217505,13.437833730035834
1188.7887887887887,0.21042644934012408,0.2130626912662768,6.32373752239881
1188.988988988989,0.24885725356723043,0.26005165939631036,13.57344250828837
1189.1891891891892,0.19003617052044686,0.20924647102760596,2.097853619721908
1189.3893893893894,0.18043956856114388,0.24533914900702497,3.9173180741578832
1189.5895895895897,0.1966230195233427,0.2237814040142333,0.5029537454805241
1189.78978978979,0.20905952133046798,0.28031080173089384,4.42887361370711
1189.98998998999,0.21434709226757603,0.22020573166843907,2.0569630722575005
1190.1901901901902,0.20416369382623442,0.1328943621587033,25.961140976538882
1190.3903903903904,0.21553673398152462,0.2834161221422141,10.494535851631948
1190.5905905905906,0.18297119737813317,0.17381104201222247,7.980347143942542
1190.7907907907909,0.23638283595941842,0.18519055292018916,42.94783765400028
1190.9909909909911,0.20536932607424294,0.1868806750727856,3.608701252804495
1191.1911911911911,0.2288623694043243,0.2841742255946425,28.02205842791885
1191.3913913913914,0.21287440988551007,0.10746095658559496,27.411330984071316
1191.5915915915916,0.21465781433537748,0.36992825928405243,2.982680477596578
1191.7917917917919,0.21642038917470816,0.26464371094970357,15.574063684584255
1191.991991991992,0.2134810048815017,0.2218067801153093,3.0599497968599927
1192.1921921921921,0.2168826254032911,0.20670807757102397,4.369484699654803
1192.3923923923924,0.2301121537128785,0.22254245690447003,5.902933932790317
1192.5925925925926,0.20696010579430985,0.23313693541371427,4.116585440543411
1192.7927927927929,0.21671003326954985,0.23816179212354424,3.09242436448836
1192.992992992993,0.2002352664490872,0.2325056254960804,14.942560749711362
1193.193193193193,0.2303321434579331,0.20803306852093595,8.424373776559852
1193.3933933933934,0.18750161863681514,0.19252004076233953,7.226173617482286
1193.5935935935936,0.23654783571346505,0.19366057194543268,7.744573049552611
1193.7937937937938,0.19922537741138285,0.19032049527175635,1.5880282717892378
1193.993993993994,0.17091254089159533,0.25560053768902624,3.5684267213616865
1194.194194194194,0.20158968503170427,0.22744049429692567,1.2774470012788628
1194.3943943943943,0.1849062148178082,0.04959840475325361,10.040441405284444
1194.5945945945946,0.21483991774986186,0.22827265756560483,2.456310761317972
1194.7947947947948,0.18447456367567636,0.20407886545443196,23.82574560479178
1194.994994994995,0.1881036188780044,0.19227576017267017,11.441378823208854
1195.195195195195,0.15873701506815993,0.1726591732749196,3.657309691486307
1195.3953953953953,0.18698259335646222,0.24716943567002847,11.287796989803535
1195.5955955955956,0.14705242118339007,0.23722368226022658,0.9461449253239426
1195.7957957957958,0.16335368711160989,0.1500919407070344,6.424286012364009
1195.995995995996,0.2097422703861946,0.2079818583596717,8.763251361284345
1196.1961961961963,0.20975276181085625,0.13794483142237696,13.095843848434212
1196.3963963963963,0.2020492887616571,0.11645023735356586,28.659133215003102
1196.5965965965966,0.1737046408262467,0.15300386393642973,9.131878683536
1196.7967967967968,0.19159465969993267,0.2263731290918799,6.252616244900899
1196.996996996997,0.19198230577244677,0.2298286371574368,1.307226629629128
1197.1971971971973,0.16839332865110535,0.2067508325621042,1.6165871236835758
1197.3973973973975,0.22113569997210386,0.2162808227309302,7.81618313156393
1197.5975975975975,0.20812298625834835,0.20476976241240538,7.95937874755752
1197.7977977977978,0.18566540778606896,0.14582697323669291,2.692751322118339
1197.997997997998,0.19013235236699805,0.19844282264194846,38.25209828670514
1198.1981981981983,0.19327327868243768,0.21581829850330098,18.145842181534544
1198.3983983983985,0.14778300370216085,0.21246904669929842,3.47122188799003
1198.5985985985985,0.1831873724676442,0.23316238434556075,4.343370285747437
1198.7987987987988,0.17400564348094805,0.208099767506669,3.275893856825147
1198.998998998999,0.16712857449731833,0.1892305146746935,1.7298494045834238
1199.1991991991993,0.18105590155526083,0.2241448608527793,4.380357041400315
1199.3993993993995,0.22214990553426633,0.16829629155980202,13.687783282642716
1199.5995995995995,0.19853268294277535,0.12451943369317105,3.4638551107917244
1199.7997997997998,0.1738133279085407,0.15945648087916092,6.443327360779473
1200.0,0.19621112457201234,0.12936725542922517,7.738249960001523
