Depth_m,GR_API,Resistivity_Ohm.m,Porosity_v/v,Facies
1000.0,79.93428306022466,0.9085517794475799,0.10370351073659828,0
1000.5005005005005,67.2347139765763,1.6874382095740925,0.10850889728368346,0
1001.001001001001,82.95377076201385,0.6770179104377323,0.10444579711601709,0
1001.5015015015015,100.46059712816052,0.6004039966748732,0.12557731626626786,0
1002.002002002002,65.31693250553329,0.7586282389089838,0.08095367238522407,0
1002.5025025025025,65.3172608610164,0.5233356958706439,0.08646009723082938,0
1003.003003003003,101.58425631014782,1.0613351579973977,0.08454681109458352,0
1003.5035035035035,85.34869458305818,1.8123392292347802,0.1166038362372522,0
1004.0040040040041,60.610512281300956,1.1615396365580146,0.11800797176790127,0
1004.5045045045046,80.8512008717193,0.8738232489368563,0.10902450638637017,0
1005.005005005005,60.73164614375075,0.854094365542228,0.12366987333779857,0
1005.5055055055055,60.68540492859486,0.5,0.07643918265247239,0
1006.006006006006,74.83924543132068,1.4415548885735796,0.13334448223102274,0
1006.5065065065065,31.73439510684404,0.961081401493599,0.13046477243424517,0
1007.007007007007,35.501643349739346,0.9097600432046872,0.11471243994491494,0
1007.5075075075075,58.754249415180546,2.59655378392243,0.1356359781754212,0
1008.008008008008,49.74337759331152,1.149376454182843,0.06686753584644453,0
1008.5085085085085,76.28494665190547,0.6241044749524078,0.08951103727474696,0
1009.009009009009,51.83951848957578,0.7868212018972284,0.08529393078636097,0
1009.5095095095095,41.75392597329417,1.5742228545983774,0.11442958647514687,0
1010.01001001001,99.31297537843108,1.0566352052688823,0.0789971852079571,0
1010.5105105105105,65.4844739902693,0.5,0.11514990298674972,0
1011.011011011011,71.35056409375848,1.4596144672876017,0.12741072287993427,0
1011.5115115115115,41.505036275730866,0.665927957230503,0.11390405800167999,0
1012.0120120120121,59.11234550949635,1.9366488881087727,0.10567502047323003,0
1012.5125125125126,72.21845179419732,1.5400240328573243,0.08024253318198502,0
1013.013013013013,46.980128451553945,0.7763390521706244,0.08306298067749271,0
1013.5135135135135,77.51396036691344,1.6405081808675566,0.12499237810593333,0
1014.014014014014,57.9872262016239,1.0339277552637016,0.11558698007810665,0
1014.5145145145145,64.16612500413447,1.4263868375611097,0.09921960961244912,0
1015.015015015015,57.96586775541206,1.2423664086472375,0.0916418090846822,0
1015.5155155155155,107.04556369017875,0.5768216725045632,0.05948384253777247,0
1016.016016016016,69.73005550524132,0.678225083841269,0.07858295162631124,0
1016.5165165165165,48.84578142088199,1.5149804087905805,0.13822838174279448,0
1017.017017017017,86.45089824206377,0.8326123339467295,0.07439088857995067,0
1017.5175175175175,45.58312700057955,0.7981757683790016,0.10378959642442162,0
1018.018018018018,74.1772719000951,0.5224387103253235,0.12014887946390398,0
1018.5185185185185,30.806597522404488,1.2117995327967306,0.07490154663995416,0
1019.019019019019,43.436279022031385,2.0312624596215727,0.10369420949562168,0
1019.5195195195195,73.93722471738246,0.5,0.1187583107502131,0
1020.0200200200201,84.76933159990821,1.0121097283363791,0.100249986438145,0
1020.5205205205206,73.4273656237994,1.7061102777077146,0.15736806111333537,0
1021.021021021021,67.68703435223519,0.9601793043771424,0.0666280148224361,0
1021.5215215215215,63.977926088214225,1.226185898124867,0.12117457059767758,0
1022.022022022022,40.42956019265145,0.5,0.09654396525207072,0
1022.5225225225225,55.60311583210583,1.2141535486038242,0.1154384030967335,0
1023.023023023023,60.78722458080425,0.9064278674977256,0.10882614303398493,0
1023.5235235235235,91.1424445243783,1.4928649978399315,0.08533687605780008,0
1024.0240240240241,76.87236579136923,1.5936930257823756,0.10457992784918681,0
1024.5245245245246,34.73919689274532,2.294781821009307,0.06284197097203426,0
1025.0250250250251,76.4816793878959,1.2898165866067879,0.11206495001142788,0
1025.5255255255256,62.29835439167367,1.1628981582910831,0.10596316931981052,0
1026.026026026026,56.461559993880826,1.097192150788668,0.11277320337286205,0
1026.5265265265266,82.23352577681736,0.8234168535946558,0.121162366501743,0
1027.027027027027,90.61999044991902,1.1692419217308456,0.10735239680419423,0
1027.5275275275276,88.62560238232398,0.8522992949304853,0.10296178839596554,0
1028.028028028028,53.21564953554723,1.084230488134807,0.08237863326677416,0
1028.5285285285286,63.81575248297571,1.65879876780398,0.08575558472701898,0
1029.029029029029,76.62526862807128,0.5,0.12373469240354662,0
1029.5295295295296,89.51090254244718,1.5699392805645227,0.12872670811411957,0
1030.03003003003,60.4165152430942,1.6585575336699327,0.09523779127375892,0
1030.5305305305305,66.28682046672365,0.9409657365044606,0.1009200549450655,0
1031.031031031031,47.873300519879436,0.5,0.08190771250012469,0
1031.5315315315315,46.07586751838659,0.6960890064527838,0.1234551369053489,0
1032.032032032032,86.25051644788397,1.6484972732805545,0.11330833647383558,0
1032.5325325325325,97.12480057141646,0.9885659688505589,0.138824348729275,0
1033.033033033033,68.55979756839332,0.5003488838525446,0.08243353845640522,0
1033.5335335335335,90.07065795784048,0.7476125393858912,0.09243984201963566,0
1034.034034034034,77.23272050095268,1.4203100132522766,0.10462891845051145,0
1034.5345345345345,57.09760490789751,1.2733667841006897,0.11292979075451542,0
1035.035035035035,77.22791211016828,0.8805339504151528,0.09568664724904735,0
1035.5355355355355,100.76073132931938,0.8165877940926562,0.08254077819092599,0
1036.036036036036,69.28347921780097,0.804120925478089,0.11762815057847142,0
1036.5365365365365,101.29287311628012,0.5387949077507488,0.11442270725091164,0
1037.037037037037,17.60509791820511,1.8076878447347209,0.0816745179887255,0
1037.5375375375374,86.43805008750448,0.83883976539433,0.12710885602210992,0
1038.038038038038,71.74094136476343,1.6085792604127482,0.12340397418393208,0
1038.5385385385384,64.01985299068265,1.7606580259612257,0.10268592994495586,0
1039.039039039039,71.83521553071004,1.4991554490739802,0.10159195724752074,0
1039.5395395395396,30.248621707982146,0.7841898436409758,0.11108115542231815,0
1040.0400400400401,65.60656224324975,1.2018650451683048,0.08276593859487484,0
1040.5405405405406,77.14225143023492,0.9879021968045419,0.10060062958328164,0
1041.0410410410411,99.55788089483032,0.5481490696349359,0.0569523291078164,0
1041.5415415415416,59.63459563452705,1.1621796408608014,0.11752911291005871,0
1042.042042042042,53.830127942136244,0.5,0.06877013555116282,0
1042.5425425425426,59.96485912830927,1.5938396942307818,0.13006839656858,0
1043.043043043043,88.30804235404148,0.7676913513508035,0.093397598120671,0
1043.5435435435436,76.57502219319369,1.1005798279364196,0.09576666036137647,0
1044.044044044044,59.404795924659226,1.141643935773071,0.08744532187830989,0
1044.5445445445446,80.26534866226712,0.8705475131479613,0.09423922252155847,0
1045.045045045045,71.9415509869608,1.2933469007376375,0.12837062690296075,0
1045.5455455455456,89.37289981065778,0.7625481716887378,0.050243826869298416,0
1046.046046046046,55.95893812245295,1.435648648728622,0.12553930772176375,0
1046.5465465465466,63.44675706804463,0.5,0.10676046962203417,0
1047.047047047047,62.15783693735685,1.0631897897732059,0.0758595670428557,0
1047.5475475475475,40.72970103735763,1.9694644995291424,0.07849375213901524,0
1048.048048048048,75.92240554129152,0.5,0.13352786054416407,0
1048.5485485485485,75.22110544359779,0.6611275147375743,0.08108986240114538,0
1049.049049049049,70.10226913284922,1.2569539248294574,0.07693298978808082,0
1049.5495495495495,65.30825733249706,1.089790890969799,0.12274629084729459,0
1050.05005005005,43.99355436586002,0.6172364697906296,0.25730971671108144,1
1050.5505505505505,39.246336829127685,13.098557229830682,0.21729374779601712,1
1051.051051051051,30.59630369920174,6.823188055871853,0.2204338119783721,1
1051.5515515515515,23.530632222944263,4.051666704548193,0.22090768841095976,1
1052.052052052052,36.982233136135896,6.8782730514338795,0.2533160595242182,1
1052.5525525525525,33.934853854217494,9.077373211720753,0.23121054171450978,1
1053.053053053053,38.95193220027733,6.976276677308936,0.2648219175692656,1
1053.5535535535535,36.351718016819696,0.5,0.16436120011286826,1
1054.054054054054,40.49552715319335,14.485330984435661,0.22429444404616602,1
1054.5545545545547,24.64764788439432,16.374375206393612,0.2162183811726685,1
1055.0550550550552,43.173940656343255,13.257609956697529,0.24230977964882525,1
1055.5555555555557,31.975996046923996,4.311571647875917,0.23385856724529586,1
1056.0560560560561,50.75260872625265,8.99254233026241,0.273935313396873,1
1056.5565565565566,23.10812181910432,9.967393423852709,0.19421989685019828,1
1057.0570570570571,47.359638031652494,12.993971947809552,0.25136474428992256,1
1057.5575575575576,31.97910783462648,13.341702443590403,0.2667500926963512,1
1058.0580580580581,23.485819963855516,6.329131006107521,0.30569942309685866,1
1058.5585585585586,25.161141659456785,10.409977782067802,0.23554702086719576,1
1059.059059059059,26.7965269180568,12.286402023076207,0.25973375813057553,1
1059.5595595595596,34.241659464019165,17.279111610733832,0.19588411622312907,1
1060.06006006006,35.228354880355,13.522532699123616,0.1782413138706093,1
1060.5605605605606,24.26299996061421,13.945283436877595,0.275343231273451,1
1061.061061061061,29.75645407739017,10.419133139646805,0.24983319119055789,1
1061.5615615615616,51.42270358611864,17.05229572601752,0.28535538069395266,1
1062.062062062062,47.275431701007115,12.048813979797487,0.20879791333090753,1
1062.5625625625626,34.36323669674032,5.6945604491321475,0.2655970641858626,1
1063.063063063063,30.380034781682003,17.016849850625952,0.3060645352163156,1
1063.5635635635635,31.20031326718261,13.489516362695138,0.262591168250718,1
1064.064064064064,36.13517972730416,7.784779894357588,0.25829744516773145,1
1064.5645645645645,19.772074348015945,7.602535163003783,0.2502566824247305,1
1065.065065065065,27.426234625766547,11.482877725703808,0.20287355628622264,1
1065.5655655655655,13.314159261224106,12.315923976337924,0.2906671880713104,1
1066.066066066066,33.992231226052795,10.986461328156032,0.23167427080584801,1
1066.5665665665665,36.47195939702741,11.556543367214424,0.2651344976914905,1
1067.067067067067,25.16813537700626,18.499786872881902,0.2031089708028624,1
1067.5675675675675,45.73986763290033,15.357715761174429,0.21461621006476658,1
1068.068068068068,17.742343369976588,10.953177956325122,0.29305262197666704,1
1068.5685685685685,15.356251197901798,14.706552903837416,0.2395809313312647,1
1069.069069069069,32.24451818559972,4.837380482362303,0.29359826428127633,1
1069.5695695695695,40.470983026121544,11.989635249734045,0.24765308022824448,1
1070.07007007007,46.83927691457869,19.04653174866555,0.19474306681126427,1
1070.5705705705707,25.4111573713106,8.90977052303813,0.2767620279919516,1
1071.0710710710712,40.78680833431296,5.761830356904576,0.23230323046733176,1
1071.5715715715717,29.614915304992927,6.739555557034697,0.2709606644055113,1
1072.0720720720722,28.273727000591805,4.551834813288059,0.25075632602620246,1
1072.5725725725727,38.83659937486672,6.076190459361483,0.20370645316171387,1
1073.0730730730731,36.5232287841342,8.147459507049856,0.25492884296111706,1
1073.5735735735736,14.236078430157505,2.9721649041067897,0.315886694264584,1
1074.0740740740741,44.76540349725896,10.078091669748016,0.26478959375543376,1
1074.5745745745746,43.800913541474515,14.511385868933235,0.2482744674098361,1
1075.0750750750751,23.744372984904707,5.461219099265398,0.28226030205870695,1
1075.5755755755756,33.95803533437409,17.596419618208845,0.2563200539560933,1
1076.076076076076,34.94030186282739,12.553960442637973,0.2562860269078838,1
1076.5765765765766,32.60673765823907,15.152902928120287,0.21725124483522693,1
1077.077077077077,24.4969484615458,6.710827230739315,0.25701544077368793,1
1077.5775775775776,23.283766320619485,14.272626135333079,0.2810633024925083,1
1078.078078078078,29.744459290085548,4.540330498023435,0.22491813543699926,1
1078.5785785785786,41.72729019259364,14.451237504182544,0.29273487463740844,1
1079.079079079079,35.43600154594432,10.859196698967656,0.2472488192756462,1
1079.5795795795796,26.29385667913894,12.766256099923918,0.22336691465384378,1
1080.08008008008,37.716987106483444,4.122026971875742,0.27992896230760733,1
1080.5805805805805,10.0,5.5246507886169764,0.24139617292785193,1
1081.081081081081,41.48765700372103,12.986141091266923,0.27278544662458326,1
1081.5815815815815,12.602862212219005,5.258259978878996,0.24124724103224388,1
1082.082082082082,26.375590585968677,12.316031460495616,0.2482052156941029,1
1082.5825825825825,18.80330105373856,3.1643109676987713,0.26480680613002877,1
1083.083083083083,17.053185242790942,14.24087106333334,0.2587269117277002,1
1083.5835835835835,41.608267873785195,3.837383426157455,0.19013404658644784,1
1084.084084084084,25.32298798688109,12.761499688397617,0.21636268779716825,1
1084.5845845845845,33.46503881730716,13.128154668230003,0.27788229954372445,1
1085.0850850850852,29.53079421120816,6.516140907852126,0.24603590233295358,1
1085.5855855855857,34.770408272231215,12.910132835423635,0.23428806091685733,1
1086.0860860860862,30.768218910602553,11.30221131666778,0.20924277954227577,1
1086.5865865865867,17.170077758114303,7.305790719036309,0.21760791036172455,1
1087.0870870870872,39.9626681944714,4.957226579618959,0.1893460408011416,1
1087.5875875875877,25.062434168386876,0.5,0.24696157843895403,1
1088.0880880880882,14.43418101340249,11.748250236498468,0.2320468725825686,1
1088.5885885885887,25.718848390340874,2.175986143189724,0.22100236327044054,1
1089.0890890890892,45.00759790634311,10.476720997206542,0.2479562972449614,1
1089.5895895895897,38.50221742113493,8.682758919588755,0.2609191189255821,1
1090.0900900900901,26.513478655921407,13.395713877190978,0.31279593796629834,1
1090.5905905905906,26.507422956815713,8.489772502550679,0.2046434974131036,1
1091.0910910910911,26.783649487826175,8.352761068264543,0.2847814312990157,1
1091.5915915915916,50.76747983560841,13.659353521441478,0.27919304683045215,1
1092.0920920920921,33.819354522315535,11.675290145420588,0.226627217818699,1
1092.5925925925926,34.300416471910694,11.580779785913892,0.2560970786375809,1
1093.093093093093,40.30283454031842,12.346337949042631,0.23627100251987154,1
1093.5935935935936,32.387891590265134,2.322139383964471,0.2555706574125622,1
1094.094094094094,27.409578541792968,13.783943399934909,0.2952739304021365,1
1094.5945945945946,28.036501509150217,13.062343970068012,0.2681681869789394,1
1095.095095095095,29.28398740585936,4.916584357117514,0.26525825119700325,1
1095.5955955955956,29.627777634901584,8.779597631628993,0.23709072040136073,1
1096.096096096096,37.2762954363698,9.803463561861845,0.20547830005226994,1
1096.5965965965966,30.519458858072994,9.327516077991337,0.24374595368378776,1
1097.097097097097,37.32640077215579,11.669299832842674,0.2861982446459175,1
1097.5975975975975,29.192834198914177,17.156833909155917,0.2041849643023106,1
1098.098098098098,30.786351903160906,15.408833638364143,0.21834731895469917,1
1098.5985985985985,10.017993154678923,3.4389040328429683,0.25378803208702205,1
1099.099099099099,39.16327674702482,13.110349951530242,0.22046035645458212,1
1099.5995995995995,33.46488475897993,16.64466659767705,0.2262242965865436,1
1100.1001001001,39.98010109859652,11.934042603446013,0.2372920425481547,1
1100.6006006006005,10.0,15.454902125929834,0.20903147787429552,1
1101.101101101101,50.883747047807276,20.061352228503825,0.22077634461350895,1
1101.6016016016017,28.60410371844826,15.118547730534907,0.27110283750361924,1
1102.1021021021022,41.081828167375164,11.246542978208645,0.21077890653307108,1
1102.6026026026027,19.60094072874469,15.225442370423767,0.20206383596515487,1
1103.1031031031032,36.1277390506257,10.724439165484457,0.23109925061398318,1
1103.6036036036037,19.46584436826344,10.119515216424777,0.27195866507529537,1
1104.1041041041042,23.76231039304195,8.242928821431338,0.2440923457600933,1
1104.6046046046047,49.14031353866786,17.81706679416054,0.23606256765653144,1
1105.1051051051052,28.093175992366533,5.907856670289993,0.2513307639254682,1
1105.6056056056057,32.17432873179723,17.66183862339058,0.19762877701421044,1
1106.1061061061062,38.70067730688754,12.499320618701857,0.264841169613251,1
1106.6066066066066,34.95681887972604,3.003469125990293,0.26150305094210935,1
1107.1071071071071,31.504189051435766,11.838246464957107,0.23772074577712837,1
1107.6076076076076,33.64961002466225,0.5,0.2801777353538925,1
1108.1081081081081,54.03415585238275,13.127540084155179,0.21617511703140885,1
1108.6086086086086,29.423812029664145,14.426157414944955,0.2838372697976071,1
1109.109109109109,32.010990467149675,7.038220221739732,0.25463480996785753,1
1109.6096096096096,40.50654396007612,10.61773847977791,0.2399034223036548,1
1110.11011011011,41.05525932957984,19.770787168751433,0.24940379093895065,1
1110.6106106106106,41.8703030556038,7.471266478690317,0.24678205702567174,1
1111.111111111111,36.38730222029184,4.705462064716998,0.2866084868925315,1
1111.6116116116116,18.569950872695166,17.408317012312992,0.2176996261758696,1
1112.112112112112,46.334315323010955,19.812935952653973,0.22712442282560205,1
1112.6126126126126,18.53654606981312,10.018478359239237,0.28108908676217437,1
1113.113113113113,33.02635465239033,15.057315177041781,0.23213395194448422,1
1113.6136136136136,22.457241499806422,16.707379577654407,0.2770159923199477,1
1114.114114114114,29.358616534070073,6.28757883730808,0.30098307949026126,1
1114.6146146146145,33.2876241030348,7.573470823160658,0.237946149191751,1
1115.115115115115,33.21357215450273,16.154372565773674,0.2704408697972592,1
1115.6156156156155,34.21920754235285,18.425071393542545,0.21538923155980425,1
1116.1161161161162,46.13711269058647,12.814404300871773,0.2726419989420343,1
1116.6166166166167,34.5353430151398,5.6009282324897285,0.255982719579603,1
1117.1171171171172,27.558433647093512,19.935305558497205,0.26419114846480646,1
1117.6176176176177,39.64087168288357,7.345145510940178,0.23063283783893815,1
1118.1181181181182,41.894704889246405,8.324311094142741,0.20016749753298482,1
1118.6186186186187,17.723921848630077,11.711689172448107,0.2650975619424851,1
1119.1191191191192,35.97400069849858,17.77080210357387,0.18809790542561636,1
1119.6196196196197,37.01172742310898,14.269879882761119,0.24047948523272394,1
1120.1201201201202,27.024364966400082,12.074327501809552,0.2782354559925991,1
1120.6206206206207,43.75706813311619,12.316442650590531,0.2557569320761911,1
1121.1211211211212,28.499444129674732,10.21757334321733,0.3084502793436944,1
1121.6216216216217,31.25576453471542,12.790697572592531,0.2807532745774532,1
1122.1221221221222,28.269281757161306,0.5,0.2303830483502327,1
1122.6226226226227,30.155790475814676,8.516962704651007,0.25081940139554315,1
1123.1231231231232,19.037249131047982,11.206609674583905,0.24857887892366692,1
1123.6236236236236,15.599491174057057,4.244929581902465,0.2025346970996162,1
1124.1241241241241,45.94505063224972,11.9316165890578,0.2217880325054694,1
1124.6246246246246,21.530386516816723,8.977643895069392,0.23317717279060418,1
1125.1251251251251,20.086076505436928,18.77737849157745,0.1889133849143219,1
1125.6256256256256,10.0,17.865098626074282,0.2514248040475493,1
1126.126126126126,23.610382523104978,7.670972154409186,0.24252784466040878,1
1126.6266266266266,16.76910206592502,9.245811442166524,0.19981318296065279,1
1127.127127127127,46.42015160136369,9.630262171958037,0.26212638595831994,1
1127.6276276276276,40.09817089342634,7.741702619201886,0.2714761823407288,1
1128.128128128128,23.118496548222762,10.975124920140633,0.25681103436594666,1
1128.6286286286286,52.52435805344309,6.208589655562049,0.2402779547437309,1
1129.129129129129,39.81765486991594,4.3469233253123685,0.26774326455255565,1
1129.6296296296296,26.751686164913774,13.113556119501343,0.27040661081430073,1
1130.13013013013,10.0,13.147647921109055,0.25922210709159066,1
1130.6306306306305,52.90942572590742,5.978421201700038,0.2252616324869572,1
1131.131131131131,16.10427533236404,14.476777153812998,0.25829802296533544,1
1131.6316316316315,13.546012530431081,6.842111354173343,0.2858644195247644,1
1132.132132132132,40.225704320096405,11.265826190189905,0.23210112824164808,1
1132.6326326326325,54.39752406339273,14.101720063062281,0.3129381801739729,1
1133.1331331331332,43.84272818510518,9.831937176481436,0.23423107198043847,1
1133.6336336336337,35.639091200523595,12.273704560705673,0.25097221040020407,1
1134.1341341341342,35.94754341665286,7.417851780562142,0.2298254321198099,1
1134.6346346346347,38.53415558780308,9.017667082859514,0.2566981250776078,1
1135.1351351351352,37.589285897867654,8.970702845598298,0.19773334922094174,1
1135.6356356356357,32.811914239693756,6.267108267298806,0.23361874603549837,1
1136.1361361361362,31.042011039518762,9.116129184421089,0.217236363989543,1
1136.6366366366367,29.374068721004775,2.2569085056812668,0.2540601504367687,1
1137.1371371371372,22.46035411133324,7.544231264289476,0.2798334212652672,1
1137.6376376376377,27.19324923133226,8.575622533151646,0.2693801856134365,1
1138.1381381381382,13.070431858046145,8.7191012375231,0.17885021917423322,1
1138.6386386386387,29.016603732052502,8.792512770646105,0.3112620895878364,1
1139.1391391391392,20.114088928490826,9.691179000699355,0.25885839821862605,1
1139.6396396396397,18.96410682784229,12.39720759043032,0.22670502578520998,1
1140.1401401401401,31.798941511534785,14.372585370662613,0.2547138375697282,1
1140.6406406406406,43.92002286344599,6.751173865758664,0.2552856946750808,1
1141.1411411411411,39.183166060023126,3.983995723054278,0.2299945384914531,1
1141.6416416416416,14.29499396376823,4.789777938784486,0.2559375000202623,1
1142.1421421421421,20.103718634296627,7.563985394025364,0.2317758313713908,1
1142.6426426426426,39.40771187988216,8.240393410917454,0.2378691402192993,1
1143.143143143143,20.175126064616904,6.150019669012714,0.22941162592734746,1
1143.6436436436436,27.753668500029754,3.5194166787505274,0.20701986130781042,1
1144.144144144144,35.50052099024552,7.719395862629058,0.25437509410646153,1
1144.6446446446446,20.316555451363648,10.907133100569856,0.26755898309549014,1
1145.145145145145,31.053755061459597,12.975147329177823,0.2654465078822912,1
1145.6456456456456,16.659745050817953,7.2128847344583935,0.274597757579057,1
1146.146146146146,23.98632356048786,7.93501088928283,0.259730206300446,1
1146.6466466466468,33.19781934142537,5.366508455763446,0.2340182350534929,1
1147.1471471471473,14.070062664683308,9.842804148126119,0.2751899159329357,1
1147.6476476476478,34.40474737960399,5.757856829045927,0.20927447380474196,1
1148.1481481481483,29.80362201073319,12.865639066206,0.2229798585246256,1
1148.6486486486488,35.524899544171475,1.0706675403294437,0.22107399785730267,1
1149.1491491491493,32.23914134064661,8.201851637737688,0.2824016817741793,1
1149.6496496496497,43.64140429973844,11.50553669595871,0.27828365542420225,1
1150.1501501501502,31.252245026479073,10.919172581612521,0.26461915711134987,1
1150.6506506506507,25.70594458874747,23.46516831990248,0.28215789595635393,1
1151.1511511511512,31.22297503032284,11.749000122839538,0.22362151652764037,1
1151.6516516516517,35.43298029036388,4.9797270157899485,0.2604578535958294,1
1152.1521521521522,30.488600703257042,9.522678764554636,0.24624476714850507,1
1152.6526526526527,30.405916912038823,1.1187683326677416,0.27540646311654743,1
1153.1531531531532,22.980083121932445,9.597001253516195,0.24654327302343407,1
1153.6536536536537,23.37099082449052,5.834719714996207,0.23845171334769757,1
1154.1541541541542,15.973947282003065,14.576951377800809,0.2662272555568297,1
1154.6546546546547,47.495767431869396,7.252298627022325,0.27628507501573696,1
1155.1551551551552,17.56136764608715,9.416170421023766,0.22994964415459596,1
1155.6556556556557,23.070948022040927,6.822210792977983,0.24816772985942873,1
1156.1561561561562,22.815927344308026,18.694256759266658,0.21824678099075043,1
1156.6566566566567,38.949243769444415,8.393786169410442,0.1750581694752118,1
1157.1571571571571,27.050503217079722,19.162785217396006,0.2560137889424119,1
1157.6576576576576,42.477420726737336,14.070758810591332,0.26826716068763895,1
1158.1581581581581,23.265093757561317,12.410333636676931,0.25786200427260175,1
1158.6586586586586,32.78994162223802,11.8436657365876,0.191513148467369,1
1159.1591591591591,21.646529467402427,11.968986491081257,0.23947451709770576,1
1159.6596596596596,51.45149127773388,0.5,0.18344956719846756,1
1160.16016016016,18.124015809704872,8.605583029246217,0.29109103322962554,1
1160.6606606606606,33.09820710227027,14.225789855921608,0.2174183625364574,1
1161.161161161161,36.337768809320984,9.755514082629473,0.2876621082837969,1
1161.6616616616616,34.137990974514985,2.974050765982125,0.2783760893105244,1
1162.162162162162,28.147123411222918,9.737977747112653,0.22298228942391815,1
1162.6626626626626,28.701793002665738,18.520527581277456,0.21601645146196766,1
1163.163163163163,30.438114719791095,16.234458577673596,0.26051110649159015,1
1163.6636636636636,28.529979983715116,9.689979953169841,0.22467027888450786,1
1164.1641641641643,39.638791167949094,14.757246385290433,0.2530745392647462,1
1164.6646646646648,52.10523001591351,8.167464898159741,0.23551517227579244,1
1165.1651651651653,24.425082149921664,1.4806420658664052,0.196565247566031,1
1165.6656656656658,16.301970204209223,5.377670059352228,0.18308595942626624,1
1166.1661661661662,29.11717951648745,17.81444384254099,0.2568005274548379,1
1166.6666666666667,55.79709337654319,8.630034590853478,0.23315326761008123,1
1167.1671671671672,21.963254320302692,8.78308010312491,0.23340730549257604,1
1167.6676676676677,46.391168054440676,8.500809018625597,0.27087591517281356,1
1168.1681681681682,46.77700814076441,19.520682947865033,0.28520326829897336,1
1168.6686686686687,24.464117582920053,18.129794576810315,0.2418236583591457,1
1169.1691691691692,35.689830791852756,21.09390116724067,0.23978203879270416,1
1169.6696696696697,46.283966231285376,9.204773947999744,0.2650042909934165,1
1170.1701701701702,26.208722590125127,11.478122443735476,0.20929193290901274,1
1170.6706706706707,27.964196398976384,2.416787252896045,0.2566945916424309,1
1171.1711711711712,24.183190860513562,17.384672130591373,0.26655657915466463,1
1171.6716716716717,19.852432693071332,4.161102243660325,0.2704069062525289,1
1172.1721721721722,23.50722454933993,11.083877818813146,0.19189741892492607,1
1172.6726726726727,17.760597332377436,4.51348736183578,0.22715934190573178,1
1173.1731731731732,30.34083468259226,7.055665866306519,0.223652102415296,1
1173.6736736736736,22.30026768941358,5.813687844751499,0.2529966086322764,1
1174.1741741741741,32.33785911790748,6.96062369662091,0.2644223373930395,1
1174.6746746746746,14.441043537963727,7.304386484255107,0.29490131222337945,1
1175.1751751751751,33.30880232214457,7.258656025374615,0.2351510355889578,1
1175.6756756756756,38.33528961608925,14.166669558901535,0.23507282505072358,1
1176.176176176176,10.062643574285445,4.475686034687399,0.2844901605663624,1
1176.6766766766766,33.74056569847572,11.102707135069334,0.25889730815590917,1
1177.177177177177,42.27668992473292,16.089795761527792,0.28802954533563924,1
1177.6776776776778,17.903589813087947,7.434018177433019,0.2586618400902951,1
1178.1781781781783,46.72572386837703,6.410405546261991,0.21528650143860187,1
1178.6786786786788,34.190190093660455,8.847376874098746,0.2100061493566658,1
1179.1791791791793,22.94988144241591,15.898626041803551,0.20345463252823212,1
1179.6796796796798,29.44230922342294,10.970538154766789,0.2698615550427542,1
1180.1801801801803,35.58326912521722,7.343928526962007,0.28565790469261026,1
1180.6806806806808,30.760053914124114,12.419383255940199,0.30548086424159143,1
1181.1811811811813,35.387559924463694,4.488539250817883,0.2752931599696972,1
1181.6816816816818,20.793264069206337,13.40679755221474,0.2848851573260496,1
1182.1821821821823,31.69360824036078,12.043036538508838,0.23259951002038945,1
1182.6826826826828,15.862855030950199,8.46095764430558,0.21530752549768428,1
1183.1831831831832,28.887739386512997,5.807071007763845,0.2755023799725266,1
1183.6836836836837,20.960923585352102,5.566595388582714,0.262530422567182,1
1184.1841841841842,22.644700574102334,12.674086681729552,0.2532233312302268,1
1184.6846846846847,42.36093175210438,16.14490251244531,0.2616211444189897,1
1185.1851851851852,40.91310120594269,6.813461264856026,0.2596955644737462,1
1185.6856856856857,36.09138120907177,12.291933517757421,0.28851450579560683,1
1186.1861861861862,19.07687235327421,0.5,0.2888495675445087,1
1186.6866866866867,26.835915503051982,7.076911346714002,0.2663266105702104,1
1187.1871871871872,42.130976999791834,9.84470533564549,0.27537408617688786,1
1187.6876876876877,31.417169136399046,5.451582915090832,0.2654218765727433,1
1188.1881881881882,53.19329539981695,5.31746812605202,0.23616490803896142,1
1188.6886886886887,33.93317839394372,6.661102217655569,0.2726969402473942,1
1189.1891891891892,31.920491164900316,11.460963641631865,0.20816514793422214,1
1189.6896896896897,26.908835357974986,9.063354907968126,0.2816167465688765,1
1190.1901901901902,31.33540904782282,0.5,0.21416431180701895,1
1190.6906906906906,28.475301636194562,0.5,0.258574098603842,1
1191.1911911911911,37.0810867668859,6.965674110714123,0.22464538124721523,1
1191.6916916916916,39.56702316794584,12.28843293026776,0.2666016694922328,1
1192.1921921921921,22.140105394920504,0.5,0.24898224322216272,1
1192.6926926926926,16.68767046442222,7.501349119241847,0.20215732125510003,1
1193.193193193193,11.637946268967035,7.368760717412894,0.26262098893055436,1
1193.6936936936936,35.079913269125434,16.94168889104224,0.23266237669501869,1
1194.194194194194,18.966333938261265,8.074890941435681,0.2764344016244011,1
1194.6946946946946,10.0,11.914944923704642,0.2500397706620322,1
1195.1951951951953,33.885786045309644,10.706285700437316,0.26186262956164114,1
1195.6956956956958,54.92999517432791,0.5,0.22127293134954365,1
1196.1961961961963,29.939290884601068,13.841036083158686,0.23232003305717913,1
1196.6966966966968,38.38490774451642,11.076982527281439,0.23624084091696745,1
1197.1971971971973,30.81829358547565,12.541343198372948,0.27570107440727665,1
1197.6976976976978,29.011103468088574,29.631188532181632,0.30032131263416467,1
1198.1981981981983,39.190764829877686,0.5,0.22584484744771371,1
1198.6986986986988,27.097254558113487,18.62348324880554,0.2823054443397304,1
1199.1991991991993,32.673923140719026,8.562762402998223,0.18490967746822895,1
1199.6996996996997,33.216978061960134,11.436644522015047,0.21417431796723133,1
1200.2002002002002,38.11144682411266,0.6624108625128092,0.08352129026056002,0
1200.7007007007007,58.012499540924544,0.927740664642241,0.08561781097101628,0
1201.2012012012012,70.10487399436366,0.6037900395000193,0.14099624191571852,0
1201.7017017017017,70.93961187529484,0.8460192351804798,0.10001365637914966,0
1202.2022022022022,60.99869057041513,0.5,0.11564260003062919,0
1202.7027027027027,82.45699864694997,1.1066468536864693,0.08418201236664893,0
1203.2032032032032,48.64759141234811,1.0006027376811122,0.08440294107556723,0
1203.7037037037037,67.15241029957413,0.5914556844659047,0.12163969618499886,0
1204.2042042042042,72.40591263423798,1.3296228342162024,0.07300847576896936,0
1204.7047047047047,80.28877668117498,1.468785068813279,0.09169572464189457,0
1205.2052052052052,84.2322975617778,0.5,0.10068054822144465,0
1205.7057057057057,47.507158163242615,0.6186376107168929,0.10222745203680106,0
1206.2062062062062,39.317716585287556,0.6154288251063509,0.09641813429967688,0
1206.7067067067067,95.55353643797018,0.5300484494455677,0.10791639562191847,0
1207.2072072072071,76.64628023959183,1.4147374209658743,0.11385711511635624,0
1207.7077077077076,55.03026926886893,0.9030869306135982,0.11469275090918661,0
1208.2082082082081,101.02303951045046,0.8677425793446947,0.08028392382664347,0
1208.7087087087089,72.31349268585717,0.5,0.09431689804142407,0
1209.2092092092093,93.58594368127653,1.3177090151046131,0.12389525723753876,0
1209.7097097097098,71.35036962820217,0.5,0.11789294375147745,0
1210.2102102102103,111.21495849763974,1.0299663151331642,0.07254281097037873,0
1210.7107107107108,105.10681684886409,1.138688468979096,0.10702959800704404,0
1211.2112112112113,65.02071703041852,1.6803292979193256,0.0604354950125038,0
1211.7117117117118,89.43141901908712,0.5,0.10093869804120739,0
1212.2122122122123,82.90751899170294,0.5,0.13795534033491955,0
1212.7127127127128,97.37263115064698,1.0919247723768475,0.08104214565462028,0
1213.2132132132133,50.70153078839791,1.9002555907554268,0.08331353909016836,0
1213.7137137137138,83.72102919996878,1.6194731764697186,0.11528059563145719,0
1214.2142142142143,91.16848973699176,1.1048297076373128,0.06914396969580708,0
1214.7147147147148,34.82521027153771,0.7541819071839764,0.08734489940229923,0
1215.2152152152153,46.3348297466845,1.4035612983186552,0.11192882275163506,0
1215.7157157157158,29.21535644479799,0.5132269001477656,0.08731428304621194,0
1216.2162162162163,64.61186331110885,1.2381788846781097,0.09528060025578057,0
1216.7167167167167,84.35084511591924,1.2527350795833134,0.1148837142063007,0
1217.2172172172172,100.04714104192055,1.53010495374944,0.10843092167073123,0
1217.7177177177177,71.4818956083955,2.3798300194555386,0.10533636792590804,0
1218.2182182182182,102.57231091142583,1.1962079835893835,0.09321755441459922,0
1218.7187187187187,42.39797083570217,0.7455181871462506,0.10740122230537912,0
1219.2192192192192,35.932351212896904,0.9872128439040028,0.09752534639800488,0
1219.7197197197197,68.88904602206762,0.5,0.1091561121985157,0
1220.2202202202202,77.68130897878615,0.6526434344554709,0.09006135949764044,0
1220.7207207207207,69.34610503811814,0.795358780943448,0.09634862051240918,0
1221.2212212212212,28.651157999202468,0.7379558010327038,0.08020084414895973,0
1221.7217217217217,68.21759920974424,1.076177436016861,0.09929984779987529,0
1222.2222222222222,43.91060998990294,0.5887900338088997,0.08377998272742311,0
1222.7227227227227,83.39345097660077,1.5605153336622357,0.07771907099676013,0
1223.2232232232232,77.33196492193696,1.0001035324590986,0.10517322295710776,0
1223.7237237237237,51.2024042734529,0.9953498394306928,0.1042547955171532,0
1224.2242242242241,59.72266165326613,0.8360526417435411,0.11565747469897146,0
1224.7247247247246,48.815729562220966,1.0775953419294895,0.09137748860849802,0
1225.2252252252251,68.74641805453656,1.4125491323338173,0.10816105693673513,0
1225.7257257257256,89.10284641002477,0.5664348921445499,0.11101595144547327,0
1226.2262262262263,50.285479073289125,0.6709417554623717,0.1088954761566319,0
1226.7267267267268,80.08093031035689,0.8481369856116676,0.08348692634395716,0
1227.2272272272273,59.39484763255118,0.5,0.10298726964542379,0
1227.7277277277278,54.142543354753116,0.590371070139251,0.10728280592109324,0
1228.2282282282283,67.85939280090885,0.7618895632276705,0.10014356933815885,0
1228.7287287287288,49.295153551612515,1.4371945903563637,0.05827044683257831,0
1229.2292292292293,58.927013893056355,1.1312806645009625,0.10320979247946961,0
1229.7297297297298,46.04244214822303,1.0967949556837722,0.14425062078794484,0
1230.2302302302303,109.29450265832779,1.425448981083986,0.09279921462486035,0
1230.7307307307308,70.70527103943458,0.9313141058003017,0.08543845804289359,0
1231.2312312312313,56.005489840148286,1.1952324249644448,0.10746697119422798,0
1231.7317317317318,74.27959821468444,0.9483891235337519,0.10624756420933144,0
1232.2322322322323,67.7534390061834,1.1326811746998142,0.12385470330832829,0
1232.7327327327328,65.58060800933553,0.7086206711942089,0.07484263688182224,0
1233.2332332332332,82.2833340008685,0.5,0.11462760505149985,0
1233.7337337337337,85.1501542009461,0.9328604189068479,0.11180844122502928,0
1234.2342342342342,59.38997704778945,1.71137406804997,0.09715706926118908,0
1234.7347347347347,58.4836351871064,1.4631077011207962,0.1067737463584338,0
1235.2352352352352,64.49896605696712,1.4826987422955853,0.12058914963196715,0
1235.7357357357357,23.9615767052883,1.6180653609031088,0.11744630760056901,0
1236.2362362362362,39.69617875602896,1.0443287954807188,0.07713961375852543,0
1236.7367367367367,97.3374853488905,1.0986578537027978,0.1164031637351097,0
1237.2372372372372,102.89935427002567,0.6911740522828249,0.09870622789934963,0
1237.7377377377377,65.01927920887243,0.8419635719864751,0.10145748196031032,0
1238.2382382382382,81.53113926111533,1.307885574885571,0.10146393982003389,0
1238.7387387387387,76.22500309087073,1.601942218584408,0.09699514022403481,0
1239.2392392392392,131.57761616910477,0.9302768621595002,0.1238341499421413,0
1239.7397397397397,92.39149822869153,0.7749053675742942,0.09832564080301577,0
1240.2402402402404,67.44164817038467,1.0002639794282986,0.07760907743233664,0
1240.7407407407409,50.889191187991486,1.3006033744645573,0.09212940288060542,0
1241.2412412412414,37.87107359484855,0.5,0.10357389433620952,0
1241.7417417417419,74.06927271734446,0.5,0.12458429568594101,0
1242.2422422422424,54.87298509431393,0.7247315752542083,0.11206189369897668,0
1242.7427427427428,41.55492580804652,0.5,0.08298929442505912,0
1243.2432432432433,57.06854231514947,0.7459299011763445,0.14970379833357783,0
1243.7437437437438,48.3690399277121,0.9261098405912642,0.1052955062195596,0
1244.2442442442443,103.74283270145129,0.7733757954884933,0.1255078147599803,0
1244.7447447447448,87.63279513898901,1.7262337672353727,0.09696571132845543,0
1245.2452452452453,69.84054717366766,1.16337238230116,0.110667184894109,0
1245.7457457457458,99.59888277780053,1.1502371798054143,0.1167893700903681,0
1246.2462462462463,71.54736615295236,1.311103572021701,0.12436389423508512,0
1246.7467467467468,52.774315973434724,0.5,0.1211473661075645,0
1247.2472472472473,100.46248154539315,1.5195558937101343,0.11744394000145957,0
1247.7477477477478,80.77820087369318,0.96211785673227,0.09369826537611783,0
1248.2482482482483,49.25507691347087,1.3352403086206062,0.08856507916087877,0
1248.7487487487488,66.19322643832784,0.5,0.10665215020648396,0
1249.2492492492493,52.48763493230486,0.5,0.11866256144682139,0
1249.7497497497498,42.34400538071328,1.4089448290125144,0.09554558598446787,0
1250.2502502502502,88.52355095063282,1.1882047630487582,0.12130343931428773,0
1250.7507507507507,108.18833280940261,0.5489742228212449,0.1290523349097236,0
1251.2512512512512,42.02864852361718,0.5651684593626528,0.08167358161853161,0
1251.7517517517517,81.25938473381142,1.5627173922073847,0.0832615859240744,0
1252.2522522522522,56.98714861756346,0.5,0.09719249882189328,0
1252.7527527527527,60.25749232470608,1.8213364766279816,0.10615225336378394,0
1253.2532532532532,58.15212151522262,0.5496896326760656,0.08950865972465899,0
1253.7537537537537,52.72018460640368,1.3191959628041916,0.12704405357734289,0
1254.2542542542542,70.97043255889653,0.8356907621255076,0.10848133723036903,0
1254.7547547547547,53.38099767177924,1.3015937155411716,0.10078894096481479,0
1255.2552552552552,75.40913651559677,0.7279429989429037,0.07128180952262946,0
1255.7557557557557,68.99523781101726,0.9186035469638529,0.07368368367144987,0
1256.2562562562562,65.2210390626718,1.0204595876978606,0.10562018500563614,0
1256.7567567567567,51.848726759168045,0.5,0.05734808747690328,0
1257.2572572572572,58.46457338863335,1.3704121727100629,0.12025274819288144,0
1257.7577577577576,85.10782451651512,0.7433932167642074,0.0968369231125536,0
1258.2582582582584,80.01834375248761,0.8857000423299907,0.16486185939189468,0
1258.7587587587589,50.44889510402898,0.5028253126957438,0.14615832501232223,0
1259.2592592592594,71.98664610858452,0.5,0.09637101861504967,0
1259.7597597597598,85.02774246743579,0.9044861186999155,0.09787325994937371,0
1260.2602602602603,36.61189437757257,2.206307710806458,0.1199116302800406,0
1260.7607607607608,80.8672038475987,1.392302143949012,0.13406345219836077,0
1261.2612612612613,56.74752482108307,0.9903698101328027,0.06723941885127967,0
1261.7617617617618,81.41197337186318,0.8685545853958662,0.06427249069290628,0
1262.2622622622623,54.73481686914966,1.0112329464060232,0.08755930388891238,0
1262.7627627627628,33.90235798670962,1.273559557587605,0.1116547516634773,0
1263.2632632632633,37.44915124233675,0.5,0.10993747181015195,0
1263.7637637637638,70.96169893322764,1.557160847334436,0.12139542909967702,0
1264.2642642642643,75.19445003442964,1.357690657720622,0.07600604943269385,0
1264.7647647647648,51.91366749791183,1.3590928628539674,0.053677122740622474,0
1265.2652652652653,82.77184917554747,1.2192378694048636,0.11716028390604291,0
1265.7657657657658,36.7695987546208,1.009808328846995,0.08343607454069532,0
1266.2662662662663,68.67840402705367,1.33643061798341,0.05963024271222725,0
1266.7667667667668,45.77967600475087,1.2959070668706891,0.10290127491918764,0
1267.2672672672672,56.96327784395682,0.8229796445294881,0.11586351376437355,0
1267.7677677677677,70.94797342632828,0.7131991135515495,0.09755885735757445,0
1268.2682682682682,52.791732694320956,1.0509281476309933,0.09084303227635022,0
1268.7687687687687,62.308889115403495,1.7745100757475938,0.09681275535708188,0
1269.2692692692692,90.1258561842888,0.5,0.09258834475198435,0
1269.7697697697697,58.462162609537025,0.5,0.07303905776119667,0
1270.2702702702704,86.71384224130284,1.0823804206182583,0.08570638646019137,0
1270.770770770771,47.40586290684764,1.025443850928009,0.1104255981002763,0
1271.2712712712714,80.59608355830565,1.086670832185204,0.10643357082753001,0
1271.771771771772,98.83137241315801,1.12197659895425,0.1033611961193364,0
1272.2722722722724,20.56710999745421,0.8883988726825974,0.08009703036293242,0
1272.772772772773,54.062094890590465,1.7449317193010412,0.09636993675728667,0
1273.2732732732734,81.5414425436108,0.5,0.05645869907114291,0
1273.7737737737739,65.93909227914014,0.585751487609877,0.1035695332777078,0
1274.2742742742744,77.42291746742617,0.9483726199254763,0.12857715415627136,0
1274.7747747747749,57.92029626568359,0.5,0.07051735735915789,0
1275.2752752752754,71.731795749458,0.9120727977839644,0.08828144653364489,0
1275.7757757757759,66.88645529215842,1.8307350828640092,0.1065821355742026,0
1276.2762762762763,93.35564123319614,1.010443244147981,0.12505685268854969,0
1276.7767767767768,75.08841686602426,1.1153504528593416,0.09103550767399701,0
1277.2772772772773,76.75205324150404,0.5,0.08615499341468208,0
1277.7777777777778,61.76246067755065,0.6918192959802613,0.06062153715167834,0
1278.2782782782783,60.24787551855013,0.8124018098380315,0.10206876258616213,0
1278.7787787787788,61.34883624360758,0.841142451621883,0.14084152080287488,0
1279.2792792792793,77.88904284756593,1.6408218975018842,0.10554716923929353,0
1279.7797797797798,61.58031038359474,1.2788455303625623,0.09955442041632574,0
1280.2802802802803,75.79549713792827,0.5,0.10644164621533972,0
1280.7807807807808,111.50801597290878,1.1232523892160025,0.09977815992102797,0
1281.2812812812813,87.42249406863385,1.2491108742483925,0.08373971255479741,0
1281.7817817817818,63.47952935664318,1.5700745192606331,0.11646559831355412,0
1282.2822822822823,94.02427844327889,1.7902703432841869,0.1045152304622351,0
1282.7827827827828,61.838492539568975,0.5,0.10035226503867316,0
1283.2832832832833,29.237509296442923,0.5945712443948309,0.080492679454435,0
1283.7837837837837,49.83827378165192,0.5,0.1260701586386952,0
1284.2842842842842,32.58416157948289,0.8829900704465093,0.11329405490666221,0
1284.7847847847847,62.96973031917383,1.2331791872231672,0.08894158325265397,0
1285.2852852852852,70.36836758379103,1.493667258294551,0.12003649707363875,0
1285.7857857857857,103.52874624550566,0.9620244881787386,0.09004858323229586,0
1286.2862862862862,76.53854747528325,0.840076238372578,0.08435993014977927,0
1286.7867867867867,65.61798942382272,1.0758789961243702,0.08480593765039426,0
1287.2872872872872,86.58811162366979,0.5824285491849885,0.06457862893823818,0
1287.7877877877877,25.7772938198423,2.0447693608473867,0.10943084760836412,0
1288.2882882882882,74.71229116217131,0.5,0.063377102433233,0
1288.7887887887887,85.41730387773933,1.0923702894478622,0.07543112337468474,0
1289.2892892892894,40.42827508440317,2.01180310961482,0.05848823981842934,0
1289.78978978979,92.87508086413858,1.003399922279999,0.09827860614418214,0
1290.2902902902904,76.76992814988829,0.9049804824992528,0.09699359079456256,0
1290.7907907907909,61.69424172198397,0.8212772885947864,0.09346607573627272,0
1291.2912912912914,82.6556373221257,0.9098041591187961,0.07914844610658847,0
1291.7917917917919,115.41385715608791,1.6864242373382652,0.07655532493126721,0
1292.2922922922924,73.6373251011699,0.5,0.1092873972709315,0
1292.7927927927929,74.96441172600672,1.7667168506481628,0.08898896136583025,0
1293.2932932932933,60.81278200919512,0.5,0.1063271664307229,0
1293.7937937937938,53.003112610704164,0.8666738353827926,0.08229502627751556,0
1294.2942942942943,86.60671633088491,0.7853777898506691,0.10362125485542165,0
1294.7947947947948,52.878323481822655,1.2942766348853598,0.12606556074632128,0
1295.2952952952953,71.43132474438785,0.5,0.11172331600785568,0
1295.7957957957958,60.44685106469767,1.2310863330409714,0.0917517236356704,0
1296.2962962962963,79.57959651492784,2.012154811643426,0.10514397940711856,0
1296.7967967967968,76.67324210573896,0.5,0.09518669650939575,0
1297.2972972972973,90.75079888515799,1.0948530838051977,0.10015760369389456,0
1297.7977977977978,59.79967202290506,0.6690089111016955,0.09348777895702994,0
1298.2982982982983,64.60250129413258,1.212943603096518,0.09671329588229219,0
1298.7987987987988,50.42472568435385,1.009573888707876,0.10424186706148351,0
1299.2992992992993,61.114134798477764,0.6792565454778452,0.080132826008361,0
1299.7997997997998,77.54600986089704,1.243936142435537,0.07968242346020044,0
1300.3003003003003,38.31909546356951,49.54487754698758,0.1308244308762645,2
1300.8008008008007,54.92042349536523,45.757636666019565,0.12294982621118555,2
1301.3013013013015,43.25040243304591,44.30167071761241,0.1183282322042484,2
1301.801801801802,37.442548405071555,53.29508735573009,0.15825997824275595,2
1302.3023023023025,50.365098435704034,34.82826303328321,0.14571864604544277,2
1302.802802802803,36.015320182089624,57.50579167521766,0.15758810795210218,2
1303.3033033033034,45.281811573691286,45.83805595114746,0.16380945372243025,2
1303.803803803804,44.90881003355796,38.69930660959642,0.15531233986345067,2
1304.3043043043044,55.85895565831578,45.49987142004186,0.16315526352300747,2
1304.804804804805,49.746982328799525,62.571492168625724,0.14860935427515462,2
1305.3053053053054,44.74973041254856,44.64664912983777,0.1262601322338851,2
1305.805805805806,53.17766299200287,53.5845361820962,0.1711562836164159,2
1306.3063063063064,58.90207549017313,42.69043724284526,0.13821775734437747,2
1306.806806806807,50.578103063518626,57.5792184992362,0.13128807402475148,2
1307.3073073073074,45.103526198433805,56.85507738790204,0.14644164248391203,2
1307.8078078078079,31.881637676498404,68.48608833296412,0.13174378161406974,2
1308.3083083083084,34.348863369246274,48.244360545007844,0.14165139236021135,2
1308.8088088088089,41.94775295645332,56.686548047579066,0.15688107843126933,2
1309.3093093093094,38.90487797840717,50.98067539538945,0.15696683478492254,2
1309.8098098098098,43.13028697014554,62.95871781863014,0.1320433986714874,2
1310.3103103103103,45.56649924897107,42.8116761239127,0.1402458925410251,2
1310.8108108108108,50.29692754356731,57.45005312877281,0.17148666009540486,2
1311.3113113113113,44.29501221940909,48.053027038833186,0.15992800235467883,2
1311.8118118118118,49.86501643826202,49.358118228915025,0.19150130078697084,2
1312.3123123123123,45.6447441481012,50.91752484448373,0.17360256347483055,2
1312.8128128128128,25.245334336461287,52.52240396426677,0.17288586137119877,2
1313.3133133133133,35.606646061812455,48.83770956878042,0.12224262899088395,2
1313.8138138138138,43.55912444278385,52.147131831705266,0.16527720703266846,2
1314.3143143143143,32.90305257158892,65.78118057562185,0.1489378639660618,2
1314.8148148148148,50.99928729996205,59.85449685615218,0.13898036392923502,2
1315.3153153153153,60.30750832343698,58.69154592496896,0.15336030681065058,2
1315.8158158158158,57.18761851697317,45.444604739761296,0.16890423069222965,2
1316.3163163163163,42.86557129069792,41.10759171771676,0.16001663182008422,2
1316.8168168168168,59.90726136849952,59.55300558237753,0.1324305239731588,2
1317.3173173173172,46.486674572021116,58.760467925297945,0.16484917827185241,2
1317.8178178178177,41.629140288819606,64.72670675750982,0.13724824915848072,2
1318.3183183183182,38.8659733645906,43.9601937403077,0.15433366237928572,2
1318.8188188188187,41.975303135118715,47.70451344639653,0.1439329986504573,2
1319.3193193193192,41.118231814587716,33.605158374745656,0.14562267496528747,2
1319.8198198198197,46.70416222375488,46.07528893939127,0.1653248595008102,2
1320.3203203203202,46.60573981049865,59.96570510579447,0.12919612560368204,2
1320.820820820821,45.03046020153415,45.33504620771802,0.18890390148553865,2
1321.3213213213214,49.369381697463496,56.40479795200824,0.11357827861411007,2
1321.821821821822,56.906462747863415,48.094968940021886,0.13804664633490285,2
1322.3223223223224,54.495541354413234,53.24057028221561,0.1574042377988348,2
1322.822822822823,30.151020315500965,38.523086101843326,0.1616862833287062,2
1323.3233233233234,19.46078865098045,50.852094496339014,0.1479904855885659,2
1323.823823823824,54.34319911239274,20.088640290992767,0.14885218593996916,2
1324.3243243243244,31.33121301584579,48.13103841838015,0.15821100170655233,2
1324.8248248248249,42.75234598107316,33.6952675628486,0.14537861045084638,2
1325.3253253253254,33.298869739406406,62.059945165468164,0.1778636251586981,2
1325.8258258258259,26.9801956241998,57.774073527645115,0.16678698228463204,2
1326.3263263263264,50.41462728204788,54.66670981966081,0.16745648702011268,2
1326.8268268268268,52.59155160302647,65.2100622715938,0.13067686553259167,2
1327.3273273273273,39.2348959927328,40.51083479175163,0.14841223151188593,2
1327.8278278278278,19.089577078550903,67.47363197915558,0.14399068102558593,2
1328.3283283283283,39.53755551747517,59.32191564260385,0.12988797248621067,2
1328.8288288288288,48.91804005402547,47.63444712781054,0.15720328367891534,2
1329.3293293293293,30.210884312258713,61.35620147182944,0.13924708484440368,2
1329.8298298298298,46.83359919779156,38.93706487588366,0.16310807659700474,2
1330.3303303303303,44.846901508270044,41.75485838472326,0.12859616874211335,2
1330.8308308308308,50.792914996010886,43.914102767603,0.18438081225683642,2
1331.3313313313313,46.19580368414153,44.71022291935985,0.13207334682815874,2
1331.8318318318318,35.26931059118444,39.43442357239747,0.15438604674400871,2
1332.3323323323325,56.965715016644914,62.23083067095325,0.16583718620776133,2
1332.832832832833,43.4147042697303,47.41145599630168,0.13858719139599773,2
1333.3333333333335,44.72695460490068,53.525049683568795,0.167049372868659,2
1333.833833833834,35.667320409268044,44.29648633586319,0.12541632804399167,2
1334.3343343343345,40.567177488084894,31.79396699451483,0.1790423539836512,2
1334.834834834835,36.15197285973099,52.70057358391422,0.15028298529931516,2
1335.3353353353355,43.27053940076577,30.87745024580223,0.13807177184062241,2
1335.835835835836,62.11708480142343,49.31365953914531,0.1440163645514513,2
1336.3363363363364,31.280988570686436,36.3168496116719,0.16617838538785437,2
1336.836836836837,28.86438602123259,69.87275999230808,0.13831089416299122,2
1337.3373373373374,59.711703274936085,59.113627221747215,0.13501284621154444,2
1337.837837837838,42.90676322848134,51.05753791271481,0.14556926804832523,2
1338.3383383383384,38.309272613400836,62.63706677654669,0.12646075774460064,2
1338.838838838839,55.39904687396076,41.536840225342644,0.1864108781588363,2
1339.3393393393394,38.94384460263136,55.43479378670093,0.13867210817570552,2
1339.83983983984,63.260097135469366,51.99810433718714,0.16663233572360805,2
1340.3403403403404,51.77925871339269,52.6402008133367,0.15418940167295545,2
1340.8408408408409,40.120885918542974,62.723535001067674,0.13030931899036063,2
1341.3413413413414,66.57308213265503,57.32492102779802,0.1498809058157454,2
1341.8418418418419,38.94285076996662,52.887236628250236,0.16568005558621496,2
1342.3423423423424,52.42095372009307,33.45112563771704,0.14623477329827386,2
1342.8428428428429,47.99292580406492,40.399537047205364,0.17386225891702056,2
1343.3433433433433,58.01741289398798,48.77291066404276,0.1704303078556373,2
1343.8438438438438,60.615111967268525,50.93372374276651,0.1683782970931666,2
1344.3443443443443,45.320041490657665,38.69796275326076,0.14080686455454006,2
1344.8448448448448,37.46582129653817,74.11676675578421,0.12840315104437025,2
1345.3453453453453,49.59972142939117,65.16394055253573,0.1377282478927441,2
1345.8458458458458,38.22284630247894,56.021183203924835,0.1539248188133344,2
1346.3463463463463,65.13387247526623,50.72036861283745,0.1609157342706471,2
1346.8468468468468,46.36535331082737,47.87791030098848,0.10656857190479105,2
1347.3473473473473,41.34678448687891,40.48081539977764,0.14983773596776498,2
1347.8478478478478,46.84680305864909,50.774805185188626,0.15316178450646367,2
1348.3483483483483,31.528737104703033,52.57752540142751,0.14444911487368897,2
1348.8488488488488,35.28385961489349,37.58239424518376,0.17582547678031757,2
1349.3493493493493,57.00413907944426,53.341764172448976,0.15843560148501742,2
1349.8498498498498,38.43105721028604,48.44740951175251,0.17620383816161794,2
1350.3503503503503,34.5308901731806,30.92192442122609,0.14568078959299535,2
1350.8508508508507,50.36652752527286,41.39614989220498,0.16874954985013849,2
1351.3513513513512,56.85704154662997,45.863944665783556,0.18270132789055038,2
1351.851851851852,52.18953310665067,68.8768765734019,0.1762338689854532,2
1352.3523523523525,54.960476858058165,55.56553124533758,0.12815716813142533,2
1352.852852852853,37.43204911430539,36.64518430900109,0.14492647844915238,2
1353.3533533533534,30.78189333258156,54.86036289417637,0.14309670589100407,2
1353.853853853854,60.01333651955487,34.52696011061634,0.15978509070152655,2
1354.3543543543544,41.77320161157864,60.826910538870735,0.16372707110029067,2
1354.854854854855,42.49166983544953,45.28875348182122,0.13322214651948527,2
1355.3553553553554,58.281941418490575,49.06363811260829,0.15135677027833874,2
1355.855855855856,50.5623000940066,63.2579664754219,0.10960145335687727,2
1356.3563563563564,49.55887772081608,37.1283643141575,0.17883890011603779,2
1356.856856856857,66.65002344901083,36.02881814887009,0.13975251518646611,2
1357.3573573573574,38.564817696198574,44.16400673653995,0.15111727879688994,2
1357.8578578578579,54.278401280812375,60.38378851019317,0.14380700572023877,2
1358.3583583583584,45.570131248970846,34.806539245231576,0.1729205515002683,2
1358.8588588588589,47.68592278863257,21.67844401889431,0.09324987117205241,2
1359.3593593593594,60.28468426412532,45.488411415910015,0.1496677931534818,2
1359.8598598598599,50.07835756289624,55.5174079991092,0.14788362485004602,2
1360.3603603603603,50.38296079049633,62.00261749738829,0.14092727224816634,2
1360.8608608608608,55.72507337309802,45.36838637914601,0.18452453091271265,2
1361.3613613613613,41.350472704571146,45.885733928839976,0.13225341082288458,2
1361.8618618618618,36.607903326609936,61.53900734255747,0.16543592354471323,2
1362.3623623623623,34.55190805978967,31.302583003045793,0.15712505577412167,2
1362.8628628628628,25.33643410623998,46.114792248169906,0.1752303850507103,2
1363.3633633633635,65.56207129940321,51.90423889925058,0.13665621830444988,2
1363.863863863864,33.96791634278317,54.49218721285034,0.1353406220175248,2
1364.3643643643645,42.78746376414228,44.901933068091175,0.17192139814954796,2
1364.864864864865,42.23186700111079,50.344410117058416,0.1585064261666022,2
1365.3653653653655,48.07406697809101,25.116726465870105,0.11910125306646482,2
1365.865865865866,53.15737212539297,43.41751587666152,0.13921389971073458,2
1366.3663663663665,53.60473488359745,54.53508712554468,0.1577276530769612,2
1366.866866866867,39.16922561431062,40.177059657453206,0.16675528443093177,2
1367.3673673673675,43.32878286213589,50.58984221589597,0.1364153869361409,2
1367.867867867868,47.825799504882994,54.46872500802698,0.09171488020366117,2
1368.3683683683685,42.51308873816453,46.57450799142235,0.16046446371474066,2
1368.868868868869,61.07345576019993,51.70463770996571,0.1255935862011205,2
1369.3693693693695,49.90974951638251,40.372674347153875,0.10965322403755176,2
1369.86986986987,52.348777860498174,47.93388720303953,0.09335348150031718,2
1370.3703703703704,51.628812686674124,56.10216169589223,0.16627961720395482,2
1370.870870870871,56.73473857485325,51.569729609684344,0.15257234900809932,2
1371.3713713713714,46.81021558703707,44.13468730436065,0.14548687238575497,2
1371.871871871872,32.03168052044153,52.24216404290793,0.17778048725925522,2
1372.3723723723724,48.996879517526416,57.14609790636618,0.16274649366046146,2
1372.872872872873,38.48643106208171,29.50058721422522,0.18232600085443834,2
1373.3733733733734,39.713833182502434,61.59074064955898,0.12214529055666007,2
1373.873873873874,50.863640187550935,46.63745261318928,0.14930898752092073,2
1374.3743743743744,57.38283071433636,54.2548993324023,0.1176657325010397,2
1374.8748748748749,45.21271576736061,61.97246923645228,0.14541235336289066,2
1375.3753753753754,48.088330125989636,36.28326302769534,0.14502768292466645,2
1375.8758758758759,62.02214944635238,42.90558997572453,0.1625322727452614,2
1376.3763763763764,47.407531794885685,47.11451304124295,0.15091127762283796,2
1376.8768768768768,71.01683114180395,42.16246478875571,0.16246814276559832,2
1377.3773773773773,50.65509645631544,67.34936575836808,0.16406880266277787,2
1377.8778778778778,27.392372408441823,41.432279061732075,0.19309857354766283,2
1378.3783783783783,52.53341621104533,44.44453220513133,0.1436940668942775,2
1378.8788788788788,48.81158384882778,52.04389031602977,0.13117954598667242,2
1379.3793793793793,57.897527540827454,37.97850473923911,0.15492167230632817,2
1379.8798798798798,51.73181351269958,46.04319288243736,0.13395439945720913,2
1380.3803803803803,43.615440160162265,53.17453261250175,0.1796392153687307,2
1380.8808808808808,32.757017637106344,46.67139595617489,0.14433563922109535,2
1381.3813813813813,42.90976742713975,49.06613141100052,0.13868847264252018,2
1381.8818818818818,36.494795457907,44.70667887551629,0.14057368557697764,2
1382.3823823823823,39.19476550195277,34.85529690819233,0.16436834846943282,2
1382.882882882883,50.8857840442061,53.215932113392384,0.1468450603353703,2
1383.3833833833835,61.69904504351406,67.54933071647241,0.13716666359739235,2
1383.883883883884,48.94671529822981,50.18401630783438,0.1833070383524706,2
1384.3843843843845,33.04116937964815,52.25264117247549,0.132876603186765,2
1384.884884884885,49.446026682201406,56.92722755116859,0.15071132148065985,2
1385.3853853853855,56.966314866456514,37.30669503453301,0.16304612303220462,2
1385.885885885886,38.90217095680618,67.02514658129606,0.11737329779165853,2
1386.3863863863864,43.65982833327082,52.02328796422802,0.1596052100281185,2
1386.886886886887,45.14688194729197,66.3185689908911,0.12889784649039102,2
1387.3873873873874,37.151016869177596,42.66967004476011,0.16645565561668005,2
1387.887887887888,51.48280433843859,68.18061922557825,0.13074697976162047,2
1388.3883883883884,43.79051851392219,57.75155494034783,0.16385538063697722,2
1388.888888888889,49.195324439070276,55.530400858523585,0.17211666132589426,2
1389.3893893893894,36.125078221978995,52.34024454353148,0.1672287305126561,2
1389.88988988989,40.62541699676589,47.514713819255505,0.15502633296476204,2
1390.3903903903904,52.22381357827771,62.00531658473872,0.145373981141406,2
1390.890890890891,41.27166847908233,51.40359869848047,0.13847160847330311,2
1391.3913913913914,62.269638512334055,30.329302964128477,0.17942069381634207,2
1391.8918918918919,41.003638143853976,38.82813538292997,0.13601009559664712,2
1392.3923923923924,47.24684725751886,48.14154247807253,0.12925867852860007,2
1392.8928928928929,54.325908318730896,53.09998983165555,0.1633073787006566,2
1393.3933933933934,30.816342670669684,49.43411511100104,0.1340772639362701,2
1393.8938938938938,27.39191188019224,62.18970789793663,0.13099873005067744,2
1394.3943943943946,29.743436854299052,30.488981359613753,0.1211279147566047,2
1394.894894894895,57.62584103427182,51.435879365051605,0.14034180321078965,2
1395.3953953953956,39.481418541075534,31.820207746128453,0.14834569952207013,2
1395.895895895896,70.58199285668252,57.59712295484168,0.15486183455321398,2
1396.3963963963965,39.357524013426115,49.05541285557997,0.16902612488598967,2
1396.896896896897,46.84551303197037,54.19609972024118,0.16053795847331587,2
1397.3973973973975,60.421099525678756,41.36117039410234,0.1461825556089364,2
1397.897897897898,65.06092888159122,62.79464931657751,0.1460360864724056,2
1398.3983983983985,65.61503576636397,60.417246640588516,0.16020314937830366,2
1398.898898898899,57.083662305931426,55.835443030118874,0.1754514032585714,2
1399.3993993993995,55.240625258114626,48.704827531365595,0.152526283989664,2
1399.8998998999,50.92526949201183,55.798572852951324,0.14061738291579182,2
1400.4004004004005,52.78361076166638,42.93107432012651,0.1301426799782891,2
1400.900900900901,39.488142836714665,58.55555659020712,0.12109589471175548,2
1401.4014014014015,36.81801116577693,66.4948089432392,0.16332539344087046,2
1401.901901901902,44.96625542589048,60.70610559979186,0.16155957047279113,2
1402.4024024024025,43.298153774750716,42.70397530192591,0.16154727050213322,2
1402.902902902903,40.46771950672725,53.61417317273103,0.14742681107295888,2
1403.4034034034034,51.963874474567156,37.06858456241352,0.17813869491783502,2
1403.903903903904,54.553052085705104,55.723903111756755,0.14031763010830364,2
1404.4044044044044,45.884068862918475,54.50603412862539,0.1691053847441441,2
1404.904904904905,59.77530081055262,31.30183660467836,0.14922514210020912,2
1405.4054054054054,33.58310885866495,38.38216156087636,0.13783298470641325,2
1405.905905905906,43.06340540720282,47.16861103256233,0.1618506061463552,2
1406.4064064064064,37.831776793971954,46.991402528591735,0.15819272237367987,2
1406.906906906907,26.3346338292694,37.90523064581195,0.1571394551853385,2
1407.4074074074074,44.17319314157301,53.889787293521834,0.15162556844112396,2
1407.9079079079079,43.78252491616716,52.51473608940512,0.14924213836566338,2
1408.4084084084084,60.13449743242131,48.05730868021481,0.19776743985740877,2
1408.9089089089089,51.30811684554777,42.44208499841637,0.17368513290392346,2
1409.4094094094094,34.758131756707954,60.487071264165635,0.16445653789971024,2
1409.9099099099099,63.54092566334188,66.55407113088296,0.15223598316406775,2
1410.4104104104103,57.21033695525353,45.16438516153463,0.17014314401193337,2
1410.9109109109108,50.82097703468616,43.878330828451794,0.16035989552782903,2
1411.4114114114113,42.73515901150168,54.912076654119964,0.1505240950554807,2
1411.9119119119118,35.405607632765204,46.419706202530136,0.1439287134946817,2
1412.4124124124123,41.27793223928947,48.60602799336766,0.14838165324674624,2
1412.9129129129128,55.88748619704186,57.396531517246714,0.08659148528243887,2
1413.4134134134133,63.84586305934609,30.906439124927072,0.15421201678595284,2
1413.913913913914,60.43243528272189,63.183023248526695,0.1402304783977928,2
1414.4144144144145,40.11150578213726,50.72680524329341,0.1818533999656577,2
1414.914914914915,33.80382566710989,45.8850685543782,0.15038688141623507,2
1415.4154154154155,46.40886246911204,49.10765845778551,0.12622073160930075,2
1415.915915915916,27.315606344371485,49.62429355020519,0.14900239691743764,2
1416.4164164164165,48.23167714184781,32.68798696555075,0.1290775782987499,2
1416.916916916917,43.52397413701331,64.94938227453235,0.15946814831424933,2
1417.4174174174175,40.33963498131758,50.41325632270618,0.1558189472867897,2
1417.917917917918,29.052969327332043,54.430021304473755,0.16915679262216535,2
1418.4184184184185,50.136001065697165,59.51549770574043,0.13418236416610868,2
1418.918918918919,39.672991603380886,39.788375424396996,0.15068016192456293,2
1419.4194194194195,33.30083164289712,54.734718990352285,0.12269956409146729,2
1419.91991991992,16.277377867183507,47.32358909101207,0.1640298956384943,2
1420.4204204204204,44.724850949493636,58.46770775216494,0.16037742360880244,2
1420.920920920921,62.72251596669744,28.727725796485046,0.1599161004205514,2
1421.4214214214214,61.6125921454787,49.00905699758731,0.1500323806271388,2
1421.921921921922,40.429037434137285,43.97179344216038,0.1582954578157758,2
1422.4224224224224,38.97787939638219,54.322629506341556,0.1820867821661719,2
1422.922922922923,49.68774256075024,54.700441873682024,0.14429811485915972,2
1423.4234234234234,35.016145608117085,42.92374105177974,0.15277290367420168,2
1423.923923923924,48.01791899819466,42.87826135823956,0.1282774740163718,2
1424.4244244244244,52.660802783846904,48.89334631442671,0.13263478076803334,2
1424.9249249249249,57.26933223884308,41.033577726847916,0.15195626586186614,2
1425.4254254254256,43.99845923520047,58.41983695452127,0.17207867093403814,2
1425.925925925926,42.96326249823034,46.30792799552554,0.14487438351496854,2
1426.4264264264266,36.22017413243439,20.930117806783585,0.1452816694137575,2
1426.926926926927,36.7311964596014,46.25177943378194,0.1418622951099125,2
1427.4274274274276,42.73521108098473,39.61456179156028,0.13930486658311353,2
1427.927927927928,48.67365506816178,33.687241845390545,0.15589942911417642,2
1428.4284284284286,54.13584626233249,37.62573361777427,0.12005484709642711,2
1428.928928928929,36.96821049319655,51.094084718329704,0.17561879153333454,2
1429.4294294294295,59.92688568959522,63.28640828248231,0.1366915540374108,2
1429.92992992993,42.28876398957431,53.131844738649804,0.16443806970876282,2
1430.4304304304305,44.78632705651564,43.934966117842606,0.12460002805212247,2
1430.930930930931,37.527883208521764,54.55904195170703,0.16337680261092435,2
1431.4314314314315,20.757597397270583,45.40909689781008,0.16343889215628996,2
1431.931931931932,53.8404539636105,43.05399630836855,0.15768404144011794,2
1432.4324324324325,52.36843897092433,38.456373317670156,0.13011142956400415,2
1432.932932932933,42.18672442881787,32.48171193248281,0.15499096379196153,2
1433.4334334334335,45.66990717224872,46.100762934405545,0.1263388763053122,2
1433.933933933934,50.15939217704099,51.58053489920132,0.1449447348980763,2
1434.4344344344345,29.374541431134574,49.0337632998511,0.1705882620191065,2
1434.934934934935,39.70947322653705,45.84033072052641,0.16593403854141484,2
1435.4354354354355,52.94264679621827,40.542539393032186,0.15030365885080865,2
1435.935935935936,32.45710576830751,56.08246191684969,0.13050386848154316,2
1436.4364364364365,47.935579321666296,36.82868080053415,0.16291175424348386,2
1436.936936936937,31.43418195376595,57.760279138434754,0.1503876247539605,2
1437.4374374374374,49.66429982433527,39.97782981073275,0.10359368803539153,2
1437.937937937938,44.643585177025166,42.47564762646965,0.16565259652633035,2
1438.4384384384384,28.848681840944906,35.33214809384323,0.14951534332260616,2
1438.938938938939,56.64739354457171,44.98597853114363,0.17404902495966143,2
1439.4394394394394,37.65408423201951,59.75312458477979,0.1280945896231439,2
1439.93993993994,36.89747562985619,55.15628088443957,0.08646592373607997,2
1440.4404404404404,47.00569197230943,59.78422112028035,0.1555816771669037,2
1440.940940940941,56.48637349428715,55.22142545933936,0.15583127353363946,2
1441.4414414414414,34.841781810216034,38.96330171469631,0.11618656744787095,2
1441.9419419419419,45.61679849847972,46.692107756724425,0.13043000908266786,2
1442.4424424424424,49.28816500330573,42.19800870882537,0.20510435487439804,2
1442.9429429429429,51.93105607263144,63.3057490403904,0.14388778771692393,2
1443.4434434434434,46.76441555277225,38.03211353573688,0.1646191795275243,2
1443.9439439439439,41.329721609166775,58.93697689389111,0.1369868034526323,2
1444.4444444444443,36.724097793512804,58.929538701087694,0.10819394202293686,2
1444.944944944945,45.86143883046375,68.29620201716088,0.14659483506408189,2
1445.4454454454456,34.27860988014393,45.903134073705026,0.1446879087942779,2
1445.945945945946,15.786495165053928,57.123221595801624,0.14200243522663256,2
1446.4464464464465,49.365598041576675,72.81651836538842,0.14770718328987215,2
1446.946946946947,54.039348410861955,43.82358323066303,0.15528536543291271,2
1447.4474474474475,21.370675644581617,34.6495975246764,0.14699766097492387,2
1447.947947947948,34.90269295290062,31.199899660922362,0.12471987664105272,2
1448.4484484484485,51.191542610051975,57.12712028861331,0.15972369583123877,2
1448.948948948949,65.574954697117,31.16849791941416,0.11101256489355152,2
1449.4494494494495,45.20793707675408,46.27680947062077,0.10899285085431598,2
1449.94994994995,37.71997058770866,54.37313187038961,0.16478360989403135,2
1450.4504504504505,77.37346617745803,1.2853064986097655,0.06999556277106128,0
1450.950950950951,62.13322375345279,1.4840923302664306,0.0844232591435913,0
1451.4514514514515,70.57489645869634,0.8343458084083386,0.1270214578482628,0
1451.951951951952,95.56903725214598,0.6938816327461248,0.11772382377169592,0
1452.4524524524525,73.82198136039807,0.5,0.0987472084534553,0
1452.952952952953,70.92873096312297,0.5872947350105224,0.10486246917025786,0
1453.4534534534534,42.802877180401616,2.474547212654363,0.09411514988727085,0
1453.953953953954,84.92507132054442,1.6223397903683934,0.12713166771655965,0
1454.4544544544544,82.9096836228215,0.5,0.09599294844411672,0
1454.954954954955,113.2650944661092,0.5,0.10463684184269696,0
1455.4554554554554,63.844435300939985,1.2409330308592457,0.1229206028828413,0
1455.955955955956,74.38300655327878,1.2736323986889835,0.08445257030308187,0
1456.4564564564566,74.9876736742151,1.2744419176586823,0.13117578368993787,0
1456.9569569569571,101.5490655952695,0.872522103223151,0.06939077180513246,0
1457.4574574574576,68.09408935226095,0.9372728699985499,0.13259284262225599,0
1457.9579579579581,75.58043051540679,1.1639397620796788,0.09254648832096052,0
1458.4584584584586,82.15793019433079,1.0429465031466651,0.09514602504349437,0
1458.958958958959,73.73218246312716,0.5,0.06219979657634115,0
1459.4594594594596,61.071327708989436,0.8851001847124031,0.09090410565244615,0
1459.95995995996,73.88179985796616,0.5742967828698432,0.07920386937946232,0
1460.4604604604606,91.47263499719544,1.087605709454256,0.08784707309253055,0
1460.960960960961,49.4696940117788,2.492629501301705,0.09725378068422241,0
1461.4614614614616,72.65939348293752,1.1837408327371521,0.11915583228945811,0
1461.961961961962,55.997583701216534,0.843235156913801,0.10415206702801252,0
1462.4624624624626,93.90093257849685,1.460900750988626,0.10615353306802228,0
1462.962962962963,39.536261904324505,1.2413439436046063,0.07808961222308876,0
1463.4634634634635,58.82156305456823,1.2100472452259206,0.0823849182079454,0
1463.963963963964,77.54423750129041,1.3034252966078355,0.13597450036702624,0
1464.4644644644645,101.31048058468681,2.0282717824147705,0.08529597930473508,0
1464.964964964965,68.68499477854024,0.5,0.1331241650411459,0
1465.4654654654655,58.896009466136036,1.2368160384057272,0.09513877602238267,0
1465.965965965966,107.6231413888118,0.5368094350092307,0.10004575872287008,0
1466.4664664664665,41.03972199167512,1.2777563231711242,0.12140730320459861,0
1466.966966966967,26.023880867598365,0.5406567442569528,0.12543784843877315,0
1467.4674674674675,78.80028900106664,0.7913165931974578,0.09778374879441826,0
1467.967967967968,59.958915512947776,0.8524550428810469,0.09223513892956922,0
1468.4684684684685,49.57534365738574,1.4879083596723546,0.09888159102955574,0
1468.968968968969,84.16712894598706,1.459227221971207,0.10675915056464237,0
1469.4694694694695,74.87601427542398,0.5,0.11782607373739512,0
1469.96996996997,58.71842738526543,1.0274670554999243,0.10008459717988304,0
1470.4704704704704,44.393912026582115,0.6452100726254137,0.11237772596046308,0
1470.970970970971,87.44914656560289,0.5,0.1327671946454188,0
1471.4714714714714,83.00402355917322,0.8914914747878148,0.1076261922452957,0
1471.971971971972,68.01648272441234,0.8457586057720902,0.10623305712009558,0
1472.4724724724724,106.93273992095331,2.2133582431727614,0.06962178349819864,0
1472.972972972973,48.598304673476946,1.216479912680348,0.047385397263418734,0
1473.4734734734734,39.48949658150522,0.5,0.10776751458460337,0
1473.973973973974,56.16183860237511,0.7176129979145289,0.09810351537438255,0
1474.4744744744744,69.08827967289004,1.5106916477146992,0.08970434650170517,0
1474.9749749749749,74.86678898645384,2.0442213864349625,0.10487060408372689,0
1475.4754754754754,65.1752788428734,0.5,0.09879192541606184,0
1475.975975975976,77.04110793028593,0.5,0.12255560501267798,0
1476.4764764764766,44.96921151619112,1.935482587685891,0.10172221736517956,0
1476.976976976977,98.87529208146519,1.1948070886854518,0.08506153429859666,0
1477.4774774774776,68.35697643214863,0.5658536340618168,0.11980332477918579,0
1477.977977977978,92.34591663176255,1.2673145430612176,0.09565737850107596,0
1478.4784784784786,76.85450692755408,0.5,0.11053073367344615,0
1478.978978978979,79.13506438307567,1.0016877532985804,0.090451785876144,0
1479.4794794794796,81.39534560464408,1.1639105864215427,0.08700346229005128,0
1479.97997997998,78.9541712003463,1.4621350697689148,0.10168336460371392,0
1480.4804804804805,82.85445519735087,0.5,0.10025657287087371,0
1480.980980980981,96.58305060264863,1.0428435807016796,0.10959654070733667,0
1481.4814814814815,73.9304233940294,0.5372876869702063,0.09462708493380516,0
1481.981981981982,84.18007515177024,1.1276918778371585,0.06327280432459206,0
1482.4824824824825,68.20528611425547,0.5523268388184879,0.09134452232823223,0
1482.982982982983,98.80234430898946,0.7959495804198897,0.11587636934287632,0
1483.4834834834835,56.4721539588146,0.5020923026048855,0.09405247841513788,0
1483.983983983984,106.01880865821632,1.3255681209118286,0.09507233194970904,0
1484.4844844844845,69.19684098711313,1.4292255583283326,0.11972753011811875,0
1484.984984984985,41.38449795763904,0.8826897150212931,0.08576053545482155,0
1485.4854854854855,72.56208829821578,1.019118997480014,0.06914393563514201,0
1485.985985985986,56.37896685050238,0.5,0.09678737760949012,0
1486.4864864864865,86.81287097977449,0.8501616759966064,0.09031652097502527,0
1486.986986986987,56.947520413952184,0.9748976914791276,0.08067507360493492,0
1487.4874874874877,61.07633133570441,2.3103965455149877,0.09649243088202619,0
1487.9879879879882,32.209185381089384,0.5,0.10983011294493568,0
1488.4884884884887,60.953873615018466,1.7320886193762188,0.0998142287686437,0
1488.9889889889891,21.52241346742087,1.498429386732904,0.10613962145372476,0
1489.4894894894896,38.32194353028554,1.1403182022450682,0.13626815397030848,0
1489.9899899899901,85.20829312288595,1.8793102420975667,0.09314242276884872,0
1490.4904904904906,85.71600317301665,1.1860527363034314,0.10556697269289339,0
1490.9909909909911,78.50915123569929,1.1945795978339644,0.08981573274801731,0
1491.4914914914916,50.66047713741574,0.9734396734912273,0.08307280560226055,0
1491.991991991992,69.0457728771604,1.6117844412093136,0.08830184693164461,0
1492.4924924924926,69.92794921818863,1.5482346169054417,0.09042482856956624,0
1492.992992992993,46.83270621614915,0.6871613562518938,0.10718951595094252,0
1493.4934934934936,100.067966035343,0.5,0.14698151573401516,0
1493.993993993994,87.54724581151342,0.8985096813021715,0.0856791312744832,0
1494.4944944944946,65.58071652340672,0.5999807178011768,0.09166749388769076,0
1494.994994994995,70.53771677989062,0.9682377126923225,0.09873753973777503,0
1495.4954954954956,74.16765615895105,1.6187190673420697,0.10791597697419494,0
1495.995995995996,29.165302631514187,0.7713491724566051,0.10527101623909571,0
1496.4964964964965,65.05645234958806,0.9785883093442126,0.12568191587896235,0
1496.996996996997,56.36031504004403,1.0290113674041976,0.05147215858929584,0
1497.4974974974975,49.96759980210169,1.4242154411026422,0.052261402596086554,0
1497.997997997998,64.3779941422809,0.5,0.09008243655979702,0
1498.4984984984985,105.95373053699045,0.6966498526173517,0.12194600375087418,0
1498.998998998999,82.8168572253402,1.1056418461397364,0.06868703936788809,0
1499.4994994994995,58.57642020434406,1.6000394782134306,0.03984735320612486,0
1500.0,81.45165562712317,0.7540487762468975,0.11142358812438419,0
