Attribute_RMS_Amplitude,Attribute_Dominant_Frequency,Attribute_Acoustic_Impedance,Attribute_AVO_Intercept,Attribute_Noise
52.483570765056164,27.778532642594925,8069.967771829301,0.5389180538083319,-6.751782749743816
49.56050291411321,30.665293816418107,8033.640463147182,0.48503193518202997,-1.4451867071551783
53.74205160490623,20.678395049941884,7977.80107277587,0.4842705015490232,-7.924199209999613
58.370462846135545,26.50007931904786,7929.88748290995,0.5375969553342234,-3.079615296390403
49.836131588883894,22.796347677009376,7984.566242555651,0.5418356919987822,-18.936146669537855
50.08763893731182,23.22404291819148,7956.758083168202,0.5402547836365225,2.132937073729386
59.40561355805326,22.845430857154316,7969.282186975572,0.6102968463986512,0.012054753622242368
55.597709553020245,21.967893714146626,7943.731794721313,0.6357920557913107,-8.170886310681906
49.6638712799254,24.642754081434443,7951.915475285959,0.6049825047946003,6.59245668432405
54.97443185705756,21.941741740984952,7860.156657465584,0.68695808600915,9.375701376265583
50.19457303390993,25.183455102846455,7940.2866283831045,0.5684986191919368,-16.07559864368974
50.43264437726581,24.158962385373314,7871.815322978766,0.6283816842918689,-7.627247785662142
54.220298360510434,23.530534108730706,7953.238693497249,0.614683234103873,-7.691423497872982
43.69280233890012,21.46250812332793,7802.580430986065,0.5696333472558027,-9.399031011088647
44.88281422827912,22.392835160583928,7911.428020616048,0.6712361352500794,8.294748419317484
50.943609491566725,26.32741189303437,7822.1431822845525,0.6816649814694156,-1.9382613877280352
48.93793993858877,25.50222767780792,7767.324322806233,0.775777264175151,-2.6451484131061074
55.819746092967364,21.005206908106597,7763.380236797734,0.7439660557272888,-20.038623644067535
49.95412936163359,24.174434481477764,7759.270147628302,0.6735031457455218,6.354180302092264
47.677759000401,26.069341993346,7784.244421966223,0.8296685036705822,-12.392583948534725
62.31179773015281,18.74589568524962,7776.964080124523,0.8102293790535198,0.5993263026632825
54.098158643379456,25.32332054068677,7709.962992512465,0.7904568924640374,2.7737693795819167
55.80733870775747,21.644704302082996,7725.297386171058,0.7621606792734007,13.60658595838651
48.58774709782383,25.283923998556702,7821.5391164860375,0.7376024396083813,-13.08820399119112
53.230459222224304,21.222129319159894,7788.758516262525,0.779008303438958,-30.195121558208253
56.74692688962995,18.03727521273629,7712.200486429671,0.8640531280392398,1.8384954475369486
50.676305388978406,18.50955436732803,7680.3365101039135,0.9157929791012265,18.005111815108535
58.54770305576758,23.476951598974342,7672.540918133952,0.9106228246155702,12.389463529394373
53.90290183115563,24.05264368497703,7685.371134599039,0.8208622929481689,2.096594152746258
55.68341392071706,20.501579457265915,7591.766238255908,0.8011132618197216,-4.916361856320473
54.368004686751284,25.071642939357556,7618.304285733919,0.8758711997404737,8.071225966373103
66.87141423451885,18.112933985199582,7536.069630707412,0.7920791973205656,-9.735461997044686
57.77481622022226,22.841185018080065,7627.8460389346665,0.9082735029048359,4.763577693562192
52.78478337222267,19.348616896462087,7628.692896135029,0.8962867715351752,5.0547015916662685
62.41581826217992,20.968718251177528,7560.685991801832,0.8918528599897867,10.602099074988798
52.42731472139725,23.009312771136152,7652.122689601883,0.8468414951992781,27.596600389110776
59.802937582857325,20.22910500218976,7500.780736458206,0.9636109857201629,3.9241596717876703
49.18596698852825,21.600253965328744,7477.565375593153,0.922580838413261,-5.089636257074988
52.56766094372212,25.716730630589755,7550.793031517285,0.9019337176251991,-0.25574312191994436
60.41571097055655,20.91147319362782,7580.784675570061,0.8279571288964643,-17.69075904889118
63.34505599088244,25.093895563469076,7601.560230027624,0.9812604092927377,-6.9471313108905814
60.72935240430881,19.142751686437407,7483.430236938605,1.0822381297514352,-4.09282438113104
59.512492255328,24.06672911692855,7549.397358308105,1.0875996440908535,-5.240883979345925
58.801838021548164,26.747866737100047,7482.706751550234,0.9925130121454171,1.52354872033722
53.129735198702896,14.954480211983125,7465.251377475958,0.9960066545089127,-8.224199323822006
57.13644449302819,19.925397849838134,7507.399720124246,1.060221989553838,11.210306673244714
58.64408997717264,23.994395423548728,7485.251952322092,0.9974449196391642,0.0020706491819709382
66.44277762149365,21.601572219271254,7363.322067630834,1.0729479195109264,-0.09300321138614417
63.08337168225305,23.27211756151124,7505.563005765757,1.106568025639772,-3.2789471651291784
52.75639129177229,20.29514642270605,7490.424964278074,1.1399262646235133,1.5519068385897914
63.396489130162024,22.315752041621685,7379.918400765121,1.0837957603354047,8.250982646676347
60.053268057268795,21.538298428986167,7420.856203704352,1.0887502854586704,-8.671302157109004
58.79478047268634,25.458498566425387,7415.731985603331,1.0650703943729787,-6.581164890752566
65.43655195023565,22.66871990339581,7394.12516298963,1.0775645075995726,-3.037260287766647
67.72998565166961,22.86906097642814,7343.735340348237,1.1174254573644165,-13.458709234732149
67.4262124648113,20.571916134325022,7327.928238141582,1.156858868802324,-8.192578597214977
58.76652349166993,20.29652855083674,7350.591741061272,1.1938097867008186,-4.76220873544659
61.60729330821183,20.413986639674164,7400.968691589574,1.1175088118393781,8.743891807127275
64.99833102375749,22.847852960449973,7360.0793143927385,1.241735121784959,2.62561329001925
68.40628287029529,20.35490724886834,7305.04142166152,1.1628716816820466,1.9358991136754435
61.31708452653037,22.441085641750036,7352.937149744576,1.184579421070419,8.508979621679721
62.96688519115933,27.75240737731671,7162.813865244576,1.1573984197665295,-1.3737178839939665
58.54352655003342,24.094573755279185,7353.678214015426,1.0825480579895308,3.904648499288896
58.2719580906012,20.458681600745336,7200.364750510867,1.2568518303682803,-1.0322175293249622
68.4911503715668,24.99651145159288,7260.451889950053,1.2582682578344124,2.6536234939962844
71.38296387925703,20.125332946834618,7213.928318448547,1.2160218089642347,-5.827586576115821
64.41264056677309,15.192453600797748,7196.631367480217,1.2419840945949816,-24.38817158276429
69.9589409641585,18.240421948573193,7310.9775156340065,1.272860784620124,-1.3427916218630416
66.91567303333358,15.61075100989858,7221.240294529635,1.1772473525604432,14.227481360999402
62.0457153490341,20.127631017361143,7253.75948798355,1.2371130722356714,9.262154022415924
67.23969217107769,21.19707660168475,7226.01826387926,1.3113489411578723,9.653974845911707
73.28185021566549,26.13139509099194,7244.268672194374,1.2168688980083193,12.361307218062178
65.5690184446479,22.043744961243075,7216.433662543131,1.3020853286182144,0.8865759096143744
73.72535138385044,20.367165137378308,7140.7437335515515,1.2272775650078498,1.9731570740559559
52.95487084314814,23.47481765265125,7247.133522792514,1.3260013173015197,-6.176518954343502
70.31202692476104,14.315965472255112,7165.186450697687,1.3083436460293725,-3.1607285602704978
66.78409895360551,21.619627771222035,7104.72772444628,1.236686589825457,6.157711497711416
64.99758403690215,23.189440384353027,7153.963202490129,1.3828680071844335,12.038844371688162
67.09256702401267,16.405800477326686,7243.349832464957,1.2949585782268556,-1.3944627568099954
56.83442371828854,24.238195056797537,7203.897672541025,1.2981007927139312,-4.501892648514116
65.80975484060042,21.788460652536248,7137.161679290208,1.3554341738509463,0.005279588565972928
68.82684242665886,19.493816366022564,7130.473136329072,1.4094958459264424,6.012067489291148
74.56121327022888,22.60540983668853,7125.331095113066,1.3077960613771453,-14.438548161335419
64.70813293633421,27.487207566487577,7238.863197792919,1.3680581938775211,-22.96180953137238
63.38201424546712,21.18947820019222,7147.8726596149245,1.3926649380131817,-5.505368494915835
65.03793270742945,21.357982277562975,7144.166186091947,1.4119911766307636,-12.207124259141587
72.24318223260049,19.205374390356738,7168.205590497087,1.392130659968367,-5.081401976473109
69.42658002564005,18.00476077227022,7122.798234084244,1.3707898319129153,-1.4778031881747153
65.2478569115328,23.016842967040734,7092.214996190565,1.3534533854859643,-4.532484090230134
70.57399112099637,17.929835033416,7089.799809774271,1.4046898919237985,14.524675344707454
68.60118270138733,20.685749972996394,7090.63018929694,1.3521827971330764,3.2674476460232005
73.06428873545626,19.011761714006695,7087.0856990349175,1.26498566496486,3.0047435961082836
64.81317828061677,21.85607853973829,7120.209289681672,1.43800017770806,6.22207144043402
66.78460789144822,21.39525665975158,7081.451363068512,1.4663426732761626,-11.388331177807691
66.55893186917464,23.482751674064836,7110.658372119007,1.3078270099646803,10.391117874202687
61.295515732369935,18.816678185178127,7065.309647343045,1.3801679884160294,-0.7576428653545988
70.18435868169283,19.514435870027402,7068.743894697307,1.4661455778687569,6.704806172412125
70.0967350909698,17.36584417013549,6960.517029269876,1.5424477099891032,-10.718572330401555
68.90174815270888,18.948075002397523,7102.007340260296,1.4448487288585987,-15.537587660160643
67.78497461549016,21.392423908543083,7069.428909676605,1.4114953670568378,8.178896580250287
61.959780300625845,22.511807347216575,7098.068804949086,1.4426868784886544,3.764095260975166
67.00911295994207,17.455419134024908,6899.570252401872,1.5243607996458526,-9.020515543575105
67.47144238565653,22.812564018244387,7145.167986824517,1.4269525394582925,-8.696630812746944
65.24326232600447,24.25325140838671,7030.288084986613,1.422772833273116,11.254347844147695
68.51480108682074,21.40999729838341,7089.347658579337,1.4419243061484373,-11.89411892867328
71.40500161538866,25.784200604845207,6978.767337077926,1.4215709361528621,16.426729532559634
78.87612116624092,17.817334487642214,7058.379112243715,1.4783930988091534,-9.006207346478687
70.37544211277292,16.390397627912318,6972.201569410631,1.5563615753541642,6.38391925608383
70.84457435583732,14.77463365273129,6990.970431854035,1.4939950837669767,-3.2861847574898464
69.23576153804503,24.586135155248584,7115.302011849546,1.4677818807374792,6.031874310823431
60.06219500352508,22.049084199057102,7007.663325960819,1.468211990555237,-5.441140021141926
69.56842529473755,19.907997319272727,7025.821910059804,1.4068901931643487,-1.6279290607229422
70.04396581688339,20.904202187164895,7056.362648175525,1.5312962272162707,0.4091917539572113
82.09771529765816,16.67815667429694,7035.708857637044,1.485183376910946,-10.021874557814726
68.85525361813238,27.38299132834098,7016.66802315528,1.481828926422368,7.4082434542012585
71.35720696239804,20.42529598324319,7025.774537586813,1.652128890928742,-5.132135664715852
69.70517617404705,20.358500628171363,7126.23402813325,1.5088743965469478,-2.285999153400186
64.06145792968312,22.20108784225088,7001.876654259281,1.4576528533842799,-9.943493746085123
75.64191946882353,21.461076346148033,7013.664682523327,1.4750723900021443,-25.623336587953105
73.70726838164538,20.684751268284515,7055.152558889805,1.554802446370413,-1.9102776260016903
73.91939818003699,17.637517022458624,7057.064374406811,1.5038754427679761,24.12615421612916
65.43077116467131,21.419977961746735,7060.466093345769,1.4269715230163822,7.8460428789802386
77.00198261875983,25.649070723405266,7032.535957897493,1.5453619999327264,-0.1926037973439464
62.98588937373222,24.037473966541526,6943.092519978794,1.4663500301077315,-2.6289082920826767
72.93339364748796,24.779782835296537,7081.716167690724,1.5936202977352076,0.22465892812046379
80.95217903711601,18.466377743689915,6942.687684945759,1.5539974486890387,5.4711911517521
65.0448411250953,17.03180485153707,7015.255635724515,1.4775100427544998,-11.808128153088449
67.16048543556589,19.624645718806118,6962.687503320044,1.563649522265743,11.143216946688721
70.48151261171148,20.171360790297765,6997.630293356687,1.502555564840034,7.153813154412441
67.45399097049193,23.289732245144616,7017.869658461527,1.5412071458097576,7.181857257079345
62.20299917720189,14.933527027722404,7018.252044145886,1.5220524574913514,4.384757388097273
70.28091432124764,24.604126096577467,7024.191065350889,1.4545871396113315,0.19616657693989903
64.60520290469572,19.546795935931474,7084.84948978662,1.4636585820504389,6.728612359668199
72.2601479534083,18.74631034009964,7028.067425064079,1.5461073308906779,5.918141337413781
65.26737514677848,16.997562794732623,6994.567352338093,1.4764860492920475,-3.540407109410238
77.58332944159179,15.077015630276671,7056.521487589213,1.4715004476631046,-5.73601772896901
65.88340752357865,22.519593255570783,7069.48982518324,1.4422275702955243,1.018562952619867
68.15224383109391,20.27931604853464,6950.492038637036,1.5093075238857874,15.490201514951874
73.78988166954296,16.199543405103185,7043.755224357762,1.5892410250968885,-12.391070756539008
63.5245912971728,16.195035463973507,7051.1129931484165,1.4305689982544152,-14.6752526575244
70.76970985320314,19.084543357083994,7003.501315822876,1.4828314818427628,1.6476084123651673
76.11850862940304,25.11136586137045,7089.645597766036,1.5497507706703164,0.5088770185601806
61.49265860622935,19.338707251150314,7015.993481696599,1.472521669389489,1.733416643704082
70.39742759448961,15.62200656518866,7032.565907582173,1.496331504903891,2.4395319790850025
70.71476824704145,19.408932238792335,7020.57869499584,1.4176480373826224,-2.232022546348051
73.26248639878226,19.34348628078306,7033.110350384289,1.4890839568551673,14.898634386020822
63.10356786670846,12.087259715900567,6980.770174600296,1.455058857804716,-16.009039784765157
62.61792966744631,20.03206221722964,6966.9868192269005,1.5102971364273778,-8.28497024780246
71.7587646015875,19.51993221599821,7122.272414486098,1.5168221412533882,-1.032547601490474
70.55978819060161,22.319902888331335,7003.9086913623,1.5832214233227149,-16.431888111541674
70.25011290016732,25.79745612272655,7000.547950105288,1.4788640910825759,-1.7585440443207117
70.64966153524335,23.650339966703655,6946.45946993189,1.4621608402170325,16.614701657280182
65.43406945428904,19.484785662790134,7026.34225950645,1.4514288681879417,0.2088648829596179
69.90924805281504,16.993427382022485,6996.446531979123,1.419740663709967,2.3070090571868347
70.1241560374673,28.055380992006107,7149.161074458123,1.4498638757217797,-12.601647651725802
64.99489242393079,20.535992923527807,7122.158378764,1.4135624051961801,-6.163614080394774
77.80043426100737,20.42389744941794,7042.0143974769335,1.4320011340776606,-3.75196380323937
70.74270992490476,20.334238408583534,7193.944524249924,1.4845571427976896,-3.1771509675623406
62.31609841325661,21.026100307486104,7135.457479386087,1.3633036666995109,12.816437950037686
71.45155748709305,20.024721403247195,7075.318958628373,1.4654334002526477,5.5769106072512455
63.18867406435028,18.76349337548757,6971.925593481978,1.468959874141337,-11.11457956937032
71.88793475055076,18.8712952433192,7216.921542037612,1.3917221602423713,2.4650477843200487
73.63307265991413,20.441716498132728,7038.516638417965,1.2859119932934258,4.982217484967851
63.621437746006826,18.93851335215736,7031.487595763887,1.355851367533547,11.401490385212664
72.42367436832616,18.45976422144237,7170.788835495254,1.4451894134332837,15.805406865683736
69.54985126972015,20.947804024316273,7247.690288565081,1.373153928636939,-10.150941918278686
71.47262803625428,19.89448653866698,7201.097279111435,1.3181512501993462,-8.108575112103383
76.71992003836053,25.202990184475368,7166.3976997480795,1.3365590101931277,-12.575778589146163
65.87990975713298,12.77037799053413,7174.3952002258975,1.3973735181825946,-2.3401985910698135
63.2063525195995,24.030762220420648,7193.919110869668,1.3760883454794164,4.663583744463345
62.39295288862476,24.52812431830479,7195.920177651719,1.3300796468791345,9.873345165891019
62.62429532405314,14.603992615555468,7178.892233754452,1.3168261168532827,-0.7595102364252276
66.17801167964984,19.831057161078864,7177.034043861576,1.3085881038838265,-3.1984752325484394
68.12682751316983,19.78041049224097,7175.816961650693,1.2749328727294056,1.5175799224874038
67.65946556779328,16.70846202306074,7148.501191999507,1.3945693630306315,-8.35142901630023
70.2642912660034,18.63445618202155,7179.5474951154965,1.2903027275805976,20.895387216947732
66.04319085457257,17.673727114806752,7116.443089531079,1.3597669958004266,-16.076610271180588
73.09312489247698,26.30044770359827,7203.810293325743,1.3673385279306418,1.8474057889572446
64.34693440326,23.88948053707994,7167.059516169966,1.3334264733798868,20.236062192296394
79.11334402831122,24.936540736141694,7169.195624371056,1.2540438941322536,0.06799844559997768
68.48065512905272,23.326936594572782,7241.378788046289,1.2878024240282155,-1.9003903500149446
60.90391676769018,17.815418548905413,7310.11488682865,1.2582754471690334,-3.5744542281042717
59.67021996532176,19.670268587253847,7294.681707518749,1.2060490297448603,-1.8039168176240783
67.26964034746028,22.753804115872665,7178.611056256623,1.259081877648298,13.728484746765302
63.57020461111165,17.66173693888894,7216.142666284438,1.1754239373290547,-22.11861911329507
68.0854326401565,23.510137748093157,7321.267050914608,1.28515547790788,15.334337012963255
66.70722857375026,20.69376369280496,7233.823607778959,1.1938211576792068,-14.23957152450145
63.8002324666567,20.33444331986594,7280.549491003096,1.2182768342906953,-2.6665232923441478
59.751499325654734,23.636512925611285,7328.22920915139,1.213437789377145,-4.292444202986618
56.23010535078908,22.88170456590352,7261.365703545898,1.1772718250257161,5.885532697707197
61.38845166098622,20.511844897212427,7324.217454241231,1.21038601113983,-15.981243518837475
67.71754579263185,25.11910145483912,7261.521134203365,1.1480324082195983,4.621726660819428
64.31841580004358,18.44482324735217,7307.534263832811,1.2059622188424903,20.243096232868524
56.829548046713846,23.583246335764343,7363.076999693437,1.0856131130013522,-13.631740045928105
63.732371109740086,23.562687153784108,7277.026989299207,1.1496423030015295,1.8970616761039567
64.59923800373316,20.903197905785785,7388.39118164357,1.2305790052073633,-6.619821777966091
58.05753936156652,22.859192431083308,7375.176782925057,1.0738247608983305,4.258872061930358
63.0476493696922,18.17690331085295,7413.673305722628,1.0800639434719859,0.1914777741575206
62.37031795015141,24.75226246814035,7407.2319888071615,1.1296591103790166,-6.414869090443096
56.16275827659726,21.475891149233437,7474.326533211173,1.1028595773844987,4.87872284871074
63.46299883813195,20.513315429345248,7422.558123312869,1.1012346067832048,18.04348109786743
64.27258607318434,25.279861817174872,7405.0965508765785,1.097892528574542,-1.9090379172729868
66.6767027614317,20.071607291982897,7443.042547873849,1.0948084007058538,7.197579421481819
66.32145446243122,18.011505060345144,7474.542691338985,1.1081072022106466,-12.932729578711637
53.95334270796568,17.6196900924905,7460.358526128728,1.0625754102339826,-9.564363768180087
55.94009079658716,24.160725854996226,7470.568784752055,1.0193979170772118,4.7240627788037735
62.99023357018184,18.554947633976514,7444.147553902735,1.0543815467670636,14.84116028535965
62.768176970068346,27.71457074207627,7456.892593347087,1.1049564575201258,3.5561334878565996
62.55705858742683,16.25875673737469,7430.778728615186,0.992459320475701,-3.1305803052315433
79.02646798058151,27.64866647304314,7599.338310793952,0.9394140611318633,-0.007085945766459172
62.39670560611722,23.247489138445008,7460.694185597866,1.0324666860969183,-12.504077339697176
64.99801090114359,22.379814989328676,7499.345605098175,0.95999007681435,6.045153263553668
63.86664349571453,21.091084070011025,7509.247902809114,0.8461982566117238,8.823330623234092
62.1286006856544,23.97949723577486,7601.163997390951,0.9859533053137917,-4.520903328330804
57.06890140077797,22.725783986730534,7552.990134886414,0.9054959719012885,-4.700421477595015
62.212326259388675,26.20553560681898,7641.51309578757,0.9163473437309086,2.658782296520485
54.32425206668823,23.2955884111421,7556.906561819002,0.9260179234972553,-4.367197360405955
56.77388486065017,23.46141081079808,7616.050813393679,0.9074238787064641,-0.6613261462582245
55.29949821153607,21.977584375688036,7571.916849802933,0.9217883883910314,20.997217891665155
57.90279973417488,22.95580586952598,7732.586004526506,0.852897133333671,-2.4702570074599666
68.83264691048883,24.10856678739585,7577.65237519246,0.888622993764869,-3.583401520212222
47.68780221880203,18.113462776589934,7664.284626423313,0.8382290752088424,-6.475418056351591
60.21908959695447,19.258496572412383,7692.299411792509,0.8763299562984705,7.441919714999368
48.48679358161912,25.592199047676303,7693.1713079942065,0.8582870210790213,-1.81224173218103
53.95225937137431,23.934616639303453,7675.1396820400405,0.7688239999138442,-6.49373038321426
61.51721672393918,22.929934056166378,7689.885778058211,0.857922292763869,13.213040322730121
56.153446113805344,23.597290294614172,7710.588272682555,0.7648041286606989,14.196030045136371
50.201979765410854,24.645069202320666,7713.114717165707,0.8199380726669264,-6.004235657387051
51.771956366647046,22.04360223083519,7780.770210192401,0.7857881113174116,-18.66539951360616
58.50338694085742,21.388736274747053,7855.256240270366,0.847179093648958,10.075136898369221
51.20967888481288,24.372157754443403,7729.04980857968,0.7319023030513354,-6.84629825760004
55.69914806946225,20.91066788676681,7700.667094943428,0.7133769162717086,7.906255991627686
54.59932541932809,25.13189171219116,7777.012586591986,0.7176023306960647,-19.701038177118356
50.86738250535486,18.86090312644049,7922.7162547135185,0.6911102230274836,8.925973382993092
64.59836865400278,27.117804860132892,7765.883861232705,0.7339295054659105,-12.111719292807813
56.80089234217273,25.50996813959346,7900.390978743069,0.6007493311073044,7.307641190665245
43.25765759600832,24.92224657061754,7914.716514239004,0.6164844055075,0.14273067836434106
54.067178984935495,27.164346099064453,7815.575217360182,0.6033552244754583,-9.539394193966448
49.577014944734245,29.274936516243685,7884.1517905304545,0.6918127430274877,-4.070363129267805
56.89869624715918,27.38397780175988,7949.593352497524,0.7173571472879993,6.863184569567008
48.42409017669152,18.880703838791305,7861.708919507874,0.6141122325158779,1.0589445311523424
51.5627975585069,20.627149158332546,7882.996993702812,0.5983829021325693,5.844129804724842
54.410863329267045,22.654062533321774,7876.61960758433,0.5977989548738971,19.764405845154855
55.96385106920705,24.669504376043392,7867.508408547535,0.6398476700482317,-15.642416117110514
45.3824819938746,26.206986054118996,7898.337921289025,0.5228305447481455,16.172125749686238
49.46012735998836,22.53961017574133,7882.171309702232,0.5685501260963942,1.0435593752321293
48.506396919895806,25.340019424506092,7957.647999627932,0.5928160552741506,-8.987840483231281
47.36282755150317,22.5764827743471,7930.0276527284805,0.556528394215579,-13.303136257389898
59.20499535445626,23.071015552761466,7992.803087936999,0.5283652884824757,-1.8912039077703349
52.1508232602095,20.748538033104154,7915.909482419583,0.5563480398985932,9.216501119244594
43.56966552292006,22.261778938018466,8022.839746880958,0.3585426500798027,-1.275491203775342
54.211585582223115,21.03937722141369,8060.562655732984,0.5150075583240071,15.111549302473474
59.981307270691445,22.229748669660935,7931.786903590013,0.4358225301250427,-14.51175690051559
54.28120282705517,28.38120625874866,8062.7590022774075,0.36441218137214876,-0.12088947846054561
41.27051663103685,22.43496171830244,8118.015126583319,0.4689284530165947,-12.523934444131191
46.194865606515265,33.24313720180054,8008.716150523114,0.4994847258004739,3.6363188262496786
54.699480647576685,26.888722477231777,8165.382374259707,0.41137381935079387,8.868873900973004
44.57572573754135,26.02599010467581,8115.247297186539,0.4533473806419096,-4.207617936810532
50.08261737488975,22.959046600916707,8071.57339550415,0.4737899246073627,-26.04213856627134
51.486476398291664,27.697603105440727,8116.546239559865,0.4464110292364516,1.9894814679649453
42.72881806893154,23.932218914581192,8159.742824284988,0.45017174780966734,4.367385517335095
46.81642595111483,26.087516261080125,8148.097632999429,0.3928090111247863,4.042947549616977
30.65875588856628,33.46398046757847,8183.683170176736,0.3470263113906619,12.357821918221541
41.494691264032205,25.557662933150137,8123.134846810848,0.25073318294032454,-10.710536796490489
45.10586201245154,29.35564428650269,8190.032902730937,0.30613201406436935,6.802161054504494
39.88243588279959,23.86013277646638,8123.24668552356,0.2639052598653826,11.925075124779749
54.036672276274246,25.926380589355098,8200.70790910176,0.402277923705694,-17.785875840065167
38.477826890387824,31.405268461858782,8173.377928917211,0.2726323983879325,3.196518259189772
43.18292244496273,24.27331260702479,8194.066258948129,0.27531748426160646,-5.0417983100767145
45.792190843031904,31.652723684840428,8304.88026093045,0.28449866663209555,-0.8152267310164589
52.100968249146554,28.399605355412433,8309.835415838916,0.24691021250942152,3.4767648353833636
37.472214331155925,24.64971840055392,8297.880651692703,0.31732880637419375,-4.872285641135523
50.225115105717414,28.294899130930908,8224.91954451924,0.18933234916040842,-6.757080791616118
44.21911928676992,29.375674853462193,8275.78187843166,0.21812807184546154,0.341524174880246
39.01999300565791,28.383545821427173,8364.278071954077,0.15925328375998077,-10.872459388628027
45.99859867099488,21.867305515408997,8322.681780698069,0.11840293942289135,-10.858251288851854
44.444925540299984,24.45618170691724,8443.485123877454,0.14189289857636728,6.793732829565034
40.21112696912413,25.95439125461596,8359.055324223813,0.15875872789348466,-11.48794035158656
43.32488224318934,26.53273175814005,8360.808864912538,0.12732847968609942,6.663125009092119
40.81407793856991,28.676854811932355,8347.51188064594,0.10241124715024261,4.6259129285395115
43.074157689012985,27.406460262110574,8381.348497101277,0.055012674954245694,-17.258067287905966
45.58433742192366,22.925545911540087,8378.69230571505,0.10952892383448652,-6.775646523356551
49.97210618637656,28.130088026605442,8433.30432855194,0.026865086580939723,11.941094030473725
35.62254436648967,28.87885177069549,8457.254022808533,0.12858389121567573,-9.811655311396816
52.24768671635901,28.7837413830237,8381.574534820718,0.08324797980060905,-4.644042623093877
31.59431337840781,30.403654082658786,8365.700733521095,-0.00513995617223055,4.620608932518965
40.36943009569668,29.719677570928063,8351.771952801106,0.04095732469123653,7.833905092825955
43.844951354174384,28.651698907247436,8480.231300258052,0.007560445808045851,-2.515388860444957
42.084776638434576,27.119548540684207,8410.840804703335,0.04994959050892968,-5.975101946916416
37.344249348245654,22.402680462614867,8369.468122984945,0.08990986966858837,14.223698616985077
39.19657822090572,28.729557289224733,8507.569456591944,-0.08189914984768247,17.38899663797579
37.553175170809254,28.118518100463476,8623.740983666468,0.006660296162541903,9.788580507817954
36.853928999771654,28.36454831546294,8509.658815198369,-0.01796900055369663,0.8531814256502406
43.83295325096658,23.77351858107371,8562.67740042951,0.012814142115596366,-8.082657216409263
41.15586143366247,24.414134377815902,8535.552267735515,-0.020800968396253637,-8.304444065565653
35.6937624759456,30.869880946936494,8537.139994727999,-0.07968294397449735,5.225141052657575
43.44555517490956,27.64444558899421,8598.576034262223,-0.06857490689616588,4.183982208886837
40.27505105882774,29.8598637285067,8548.558600068332,-0.10287362011793957,14.015985929464295
42.59564715285163,27.952120988727174,8586.802787770754,-0.01963281513722835,6.504500925361391
41.474082173227536,28.007783927584867,8599.787992129328,-0.08263751938592923,-15.03080301759818
33.97741517963926,30.784253859365588,8560.475965605367,0.0011790460001316616,10.519476177229185
35.11982044109375,26.47168440482823,8653.565835372896,-0.1069967585868011,-9.98060627314413
41.45744418565176,28.358118290814087,8605.203204163456,-0.14937153034375092,-3.839712719523516
40.57502478459516,26.732380769527914,8586.054069153966,-0.19952704675924987,2.5020020625169446
37.22284092509029,26.864674093975296,8660.45804743297,-0.22378953906724597,19.956674897839644
37.720170436059746,27.289100249715123,8598.399924934656,-0.22253012117448262,31.09918556005361
43.33008253866834,28.93096179996958,8654.321154882145,-0.13955576446311496,6.067230591361827
33.79419597642829,26.875740904857707,8661.941404137417,-0.13696110280813148,-1.8319661872038786
39.29993508483571,32.12615633197419,8726.072369342302,-0.25083712615233067,5.345056484805503
35.36801031650921,25.721434698671818,8704.786232710065,-0.13629940536226004,8.876554258738361
35.107252509645505,27.89047043607052,8688.965725773662,-0.21437012629509164,-3.206676255571917
41.5084163439392,27.17717380417666,8740.161710759852,-0.19193374520056014,17.952113559123223
39.96270471499909,32.88202791054646,8777.72922894792,-0.12760782008428168,2.300707591914021
39.72650772912068,29.174924442255353,8744.942537861718,-0.17221005675084933,4.977430890913943
42.01196386607561,31.724391160829914,8726.289139476972,-0.2391980408800934,6.6592425205446135
35.41750067042291,24.215198515324303,8668.784115269538,-0.2789355381578088,4.215866106144556
38.552486585230476,29.515470365418864,8689.608230408448,-0.3504546836286826,8.389405004696123
33.423983761405395,31.425063000777143,8735.972887563634,-0.28719178874348716,-6.172531865469232
36.43112721267063,29.044278105269168,8729.009617380616,-0.2700417394299637,-5.583017539460306
33.996966337933884,32.03452072275298,8758.267354362113,-0.31697489586894373,-11.00154232971695
34.972481629600466,27.326259198539663,8778.45740601301,-0.28218775812277125,4.395012306202264
37.3055665577348,33.14559696291918,8809.995566190324,-0.27966833432454996,7.789365035121141
30.08344207714226,35.85305799753034,8787.747786431564,-0.3025155244249228,4.577728661518858
44.48375498324427,27.906029667476783,8823.23415195046,-0.3314091988003249,16.744924333475375
28.841538071678205,27.695586191003507,8809.642471781672,-0.2979860174428277,-0.05596018829046555
27.653045364918153,33.4291563241389,8715.027250239466,-0.2917035460786889,6.687416555925126
39.36948672841374,33.84398334696379,8774.086612263392,-0.3755733358264724,-10.917008761393143
37.394793243094334,27.572299975220282,8820.971633549938,-0.25762939234870386,-3.87099702474401
36.41725233638044,27.915276235932513,8774.682600301961,-0.3400967440582297,6.955377575657775
36.30120250956903,28.36477743260657,8872.022688337429,-0.3410837706903761,8.49102110743144
32.963732794378494,25.210406802243902,8925.289208686532,-0.31334094590651906,-2.9396694766418223
28.406877805423505,26.520756744834237,8916.280609442232,-0.34368171029419153,-0.7159925185806683
33.143067665877865,26.296566481016487,8851.125612708029,-0.3141409245588762,-15.178737466808094
29.251864206157613,27.03718911375807,8942.652668656589,-0.35376015355400026,-3.570292008066094
37.3896520320511,29.267431996599072,8881.730704611988,-0.40491920048390473,8.903831635197863
31.65791937038475,30.1043426281357,8863.485387549326,-0.36226450984492276,5.752050161065663
28.14766467827208,34.08271381288357,8855.572333711221,-0.44342877725430146,5.006657213812097
30.552976026857927,26.464961569002902,8876.88125391945,-0.38657675295502913,0.4977368718096008
34.112145539539625,32.44109512838938,8878.216745664864,-0.39928708612414787,0.07063158628176452
29.11929482049325,28.873554071195194,8911.624931893119,-0.4135099636379709,-6.603211394734471
27.720108578243945,29.393806232023675,8916.468171248687,-0.4148663477681416,6.988284202025348
32.94582015818971,31.592612451317272,8913.783095971163,-0.5077232472383746,4.209729443893898
32.851287535197784,26.22522026539956,8940.52417450461,-0.44611351140433947,4.920188479927993
28.99372241786076,30.76511966487305,8983.110399003497,-0.4189358402071239,-5.260348426675804
29.07815895784576,30.141019003154828,8975.810182475198,-0.42033965610326146,-21.533429198712444
32.501456015814284,31.14205220976792,8858.6947851262,-0.484323440594993,10.971527117536956
24.011598725503355,30.55450082347596,8809.702921605405,-0.3741135863072662,-4.7883745600840415
24.128488065935727,37.07444868527806,8988.42564867104,-0.48501839551979975,-8.627757640431206
27.490358405979336,27.81613516918567,8877.527089467154,-0.3973981643615874,6.934789119139937
29.935115593002827,28.156421297104032,8938.644162327262,-0.42852271432831274,-3.920126399191296
32.479673003554346,27.899294626834628,8895.237589918816,-0.48605460671397416,10.599363840466218
38.22772431124475,28.120832835894987,8867.353816796149,-0.36868729404467493,6.170059495766975
35.0680853831424,27.89289180129737,8988.083773053624,-0.5206924782312086,6.835693232004775
29.911985929083993,33.38912994859737,9002.373829070077,-0.41845836237444356,-13.659557112005343
30.551546920590862,34.09985575394349,8938.843081958448,-0.41763948609263574,12.119439853864005
25.571998901011636,28.1415996877014,8841.21559918272,-0.5042987242437983,2.6125053123385604
30.433176018209966,27.371497856144337,8946.40069267878,-0.40408965008818776,-3.6927713924620313
29.026632026363817,31.296765363918084,8996.093939221902,-0.4890060646817222,1.4338846734225108
32.030797943699554,28.23902958165481,8905.194164460838,-0.4647050614355519,-17.762352328983198
26.23143510205589,31.806897998312156,8990.788504998081,-0.4686044170705639,4.0865281148067085
32.91781969186329,30.52849728238954,8983.180151508479,-0.49066108104065587,-10.293715081820716
37.94139898231827,25.38334155068196,9015.079354114785,-0.445574365476742,-13.526702858435344
29.69364784559343,34.58315345702076,8994.10658902682,-0.44845313457850366,-15.22359186217891
32.20888462523487,35.337551515601525,8941.330252218913,-0.577410297924901,11.126883749899253
33.61706254205147,28.12004828267286,9051.511445908429,-0.4264658586812968,-6.292633936927887
28.12940132262333,28.80301939967892,8985.298337246026,-0.5763494152991582,15.337277099164993
31.228276608819687,30.830642622232816,8993.244063036123,-0.442981979794537,-5.3580146305229785
30.146240530582745,30.982550738292634,8949.17267571265,-0.43950081682493236,-17.073579575929468
30.550281045526656,31.960157679822863,8974.740859801299,-0.5514532938716351,-11.16524439948659
26.178634748190113,36.019692699432184,8953.575680925282,-0.518356531024357,12.358116200069386
30.151181630221785,29.462000627786082,8989.921159057476,-0.5538536954779433,-1.5589817793666751
32.50673566995397,27.60092221295296,9084.748213320781,-0.5099088408281007,-5.48287296490601
37.26374395539546,25.860035836851356,8931.00364703242,-0.5150004183882745,1.6001822585278769
34.79883137967729,27.806590567861427,8919.198067643601,-0.46089311092397045,5.01782736167545
40.76601137949166,29.90059430839514,9073.553561777986,-0.43447960809732566,11.173988159024608
26.164154007073144,35.383450635175016,8989.489225066736,-0.43017121838483263,14.484992298929262
34.36645849590977,28.445952274814893,8966.303597451684,-0.5278656357135962,-3.597686457890857
30.928698964612433,30.668366620936528,9051.39578757377,-0.5098616468911927,-13.260476860820383
40.97130622744335,29.945158421442997,8968.604644945408,-0.583057331543298,-4.13465161123276
25.994270128402484,33.55623943154969,9089.512407918433,-0.5385054255658974,2.6028050658288615
25.853787570884613,37.56769808217374,9031.27645447754,-0.4491375792557026,-9.63758926210611
27.075231376531463,28.389345030301147,8971.994699405137,-0.4156111286350098,-9.57150914895043
19.475673260670188,28.507893701890527,9103.107816552314,-0.556959849483035,3.437878815498854
27.49248986902293,33.102166386850534,8963.651004978497,-0.5235599640863081,-0.48652351570451147
26.354866441501528,32.00804203156143,9029.578281136965,-0.49379380038444554,0.3279699541158651
30.934910490343054,35.4943865877176,9005.817551122225,-0.476844864160919,-7.5849533470006945
31.92727514365408,31.697160739785822,9054.162301231527,-0.5295554127576683,-2.304007142057673
39.63803942890117,28.857827419433388,9065.216298195255,-0.4659376861357083,-9.242331442683044
35.05112451894662,31.697213160072838,8986.64994105247,-0.5087417009527275,8.901984111247868
27.459430641667694,33.240123511753794,8945.131660483707,-0.4835251675449285,10.352493347237527
25.899935526382336,32.363444322811056,9003.398162990748,-0.4530853434436087,-18.461878622380937
32.902773455309024,31.41102769387777,8943.95535162357,-0.47752000662062855,-9.2951086019241
23.89628091628306,33.07566233092089,9075.797014807018,-0.49694694695701486,-14.965292550900791
39.712102169083494,33.36918468638409,8979.086349563551,-0.47774007320570516,-6.500239344068982
36.51245327229047,33.992663805941575,8950.971289000192,-0.4736555145260648,-0.8343796979036087
28.332892094325697,31.776437074056624,8975.295497550784,-0.48456203375164547,-14.4964521969853
22.179678682433035,29.312307927077583,8895.376119129143,-0.475672236738984,-9.218598131253131
37.58434690253668,30.236394801372565,8910.670046488987,-0.37931838988928346,-10.039573720814985
30.314961199968042,33.39761179296729,9015.637674085665,-0.4275710062913815,2.0726732939894394
37.15244754898938,27.308351489757776,8918.986986595326,-0.46660571644535453,0.6934433703625043
23.06995142366227,30.84549749721018,8895.549964984197,-0.413047793892758,-7.217375533372533
28.12694401573457,28.53902878039206,8970.641681101193,-0.4605000179626288,1.7682087213939799
31.23475976852054,29.784099151322046,8998.858144236669,-0.38091670462418675,-5.466800845872654
31.531145672453768,33.51129491191438,8971.13553035175,-0.41670575520859254,-2.7165511032605325
29.136582169573256,30.22656982231734,8980.456907941818,-0.43601963085173767,16.73452090298537
34.59477702690205,29.769177803177307,8888.1338773133,-0.4035877854512584,13.404610517903478
26.238979228649967,25.526161233169507,8850.05539788476,-0.499689738825278,-12.995812369275976
30.964658824889998,31.819621635582546,8991.238870097952,-0.47251056094566696,8.297324178791746
32.38041437576768,31.49171848912118,8894.919197197485,-0.4707494394595437,8.11396554491592
34.4563992156466,36.018712908578166,8893.248096909605,-0.3986425929941719,-11.482632887526183
35.55042043501484,28.5785787839984,8966.792404863932,-0.3137569477972258,8.187776437548607
26.480131610442648,30.13161546558382,8922.644396988433,-0.2832678892087689,15.379319184125528
24.546604668980255,30.193857170467673,8911.935612471163,-0.35723866879504373,-11.225448062444139
38.72221246540242,34.148902750312956,8991.55869944956,-0.3582663584572834,-9.175028210142637
34.114852134545835,29.100792884177174,8845.1599847486,-0.4673887829752435,10.176614668435025
28.83308505728416,30.193185142294286,8917.616119400715,-0.39835780298335455,2.7149531082564797
40.456275849910156,31.14856053607523,8867.824857629977,-0.40436338898053475,5.5147627523952325
33.40663012494299,29.8527631310994,8872.016766269227,-0.3896295322386209,3.4058921640049675
38.855206351218996,27.92101904862345,8928.487399775635,-0.36047116938424617,3.9069592092814416
33.429478127262556,29.80929854864192,8870.797501803881,-0.3690102428742558,-13.26472128311083
43.531471333116926,32.41396232240257,8865.528218517133,-0.4375784050834399,10.473177066214483
42.14294107088085,26.07889488710061,8885.313523932247,-0.2942926442608814,11.695899924277736
32.26255846837312,29.522064219748504,8806.383402984431,-0.37826819074856577,-2.2939074406802775
38.50899114235713,26.98685345828614,8775.482697253781,-0.305480837415175,-0.4347694981386243
37.02436534504079,32.63576848749577,8757.885260443196,-0.20642158665674853,-15.311075025557221
40.78956142406487,24.443838376547895,8704.361988711044,-0.34864904775916494,5.142547560178349
29.273249592319075,27.298767734380334,8897.917011736037,-0.421621031376337,5.7205744171414405
37.68210865979453,30.06867278524298,8732.247013723798,-0.3017076431038889,-0.62191016999311
39.70045505091229,33.59448893353694,8768.520687987495,-0.22453538741685372,11.243533598705026
25.77358842434881,28.660927752664943,8757.795042182335,-0.1737183344657513,-3.340772309799405
28.81239331461139,27.152229950435338,8778.936040993442,-0.32504318582560754,5.646059258936003
24.69634620310409,34.420344435345626,8796.161506031734,-0.2305396842429444,-10.196643386921156
33.711689353078825,24.391277417425865,8790.087498152907,-0.2703293465739219,-0.2355215087423812
38.81502010430504,22.096754923808447,8709.480686805291,-0.2439319764489454,-1.7435425790283585
42.91002152407722,29.970484284260728,8721.732101130827,-0.09787101946929413,2.2530792204094157
35.94195264250305,27.100967641841123,8735.555060504206,-0.29657457939954884,-3.695269288333586
43.89008651685189,25.499549351359004,8700.21500424105,-0.19996257747549964,-1.314725956716678
29.024291288861978,30.643869696913953,8784.127349804177,-0.18037541241490673,8.260471714415063
27.5879077287458,29.2051971599332,8719.307751305832,-0.14046968747695393,-4.367642372382175
36.00930578976007,26.736003036729024,8722.391675090332,-0.18074862811429682,-16.065771007386793
38.39177001001303,24.541226112658194,8709.571925167545,-0.1610253347589699,17.495839042054207
36.49451239278986,30.952875451525355,8725.774386211251,-0.1866831217080733,13.814540786904866
26.509434312332708,30.23894233074296,8666.718837308581,-0.14421141231114012,-12.922626951056186
36.591788694652934,27.94312518560763,8583.288957991364,-0.16529016916402672,6.897078052451944
30.707840628245425,33.73236395545057,8658.474991049148,-0.10741199896871317,-5.029747705513431
40.77337470496033,24.933492710819007,8596.181557269902,-0.14722991876167496,2.634872153310596
39.45482072445292,23.517967113733615,8592.477691214077,-0.1000535056064567,2.942241290134937
33.12121059414707,25.969123408910303,8638.287724648562,-0.11043266439505618,-2.34407800316322
35.45198595396616,27.8579118157711,8660.848126539202,-0.04263146042891053,-7.837656655863965
32.927863107367195,28.67403566876509,8589.867042996206,-0.09137315033882686,-6.905410523162594
38.11501244504817,27.169189843577502,8594.021254059246,-0.16723122683964256,-9.161919154812425
43.41043136809544,28.897486248145576,8653.374758952299,-0.005167936684838059,-8.318222082304448
33.91420327792321,24.034673350028438,8569.895983494382,-0.10314493956308471,-0.6717829004935526
41.57294874561763,32.068114770212674,8677.448347307598,-0.08005250853102029,-7.157599891107518
36.61304637313605,27.43746284857273,8565.058759031665,-0.0665663414522618,6.820520657126199
35.51329068814823,30.982473782399396,8438.079119569213,0.04260464713153865,14.872461553359273
39.15749170073259,28.605015164006765,8553.034906029958,-0.12215153567366577,-5.80053241370043
34.73305472063393,28.89294307427865,8523.594602607598,0.15235074331953968,2.3940450053537705
37.359242474905116,29.177429590286355,8558.113187622084,0.059177290535353935,4.996851103029338
34.35788744615036,28.756306452778293,8516.295222108767,0.028525791161187947,4.720022709192744
50.39222087337101,29.286019477405365,8464.64744036136,0.025685060408638792,0.7595526791608741
40.967726571644356,31.289605387450866,8399.214647596245,0.053848144332168675,7.4268241835972235
37.517054852109936,27.835642911086197,8438.764717532056,0.07684024102260996,4.822489526806572
42.31127994583756,29.31666617472392,8395.404957681212,0.09432979890582557,-12.376624223272978
40.906826780293486,26.863676159951414,8397.550476072383,0.10120357473755391,8.691560643892732
40.592058300669905,31.396125071764416,8444.58360530423,0.08932434897956336,8.872908372667421
44.997495483214934,24.989157598072737,8487.16212606768,0.0864661781345241,-7.632861041785816
45.94523620632458,32.36339688471043,8411.848693686747,0.10032121862172715,0.3793783544760203
39.737470949973186,26.782031976060512,8320.70701249695,0.10975342038365739,6.833289928110694
39.744371048878314,22.551809130620427,8391.057020805922,0.1878616174484389,-2.0931381957936157
41.48285884455832,27.169783912153232,8416.925707816454,0.17258370262987047,10.729780477660118
31.584298895572424,24.68336884776277,8314.815618821513,0.007675804229303196,23.63872494619361
35.75483172496801,29.18923388797598,8326.759789868314,0.19933439062452651,-7.859860326349823
50.40309806113269,24.64994638111531,8322.298073540956,0.18817314593144222,-13.810446031537749
52.032524626425804,25.209528185625814,8270.370781399919,0.18944886512367426,3.0381859560487574
42.80244695736788,20.819471018375964,8330.032663934704,0.18295543510304432,7.215625051261435
47.171296786387714,25.07095304947555,8279.526994014166,0.2706312345547448,-2.30866373844769
46.08655308839983,19.095786441192594,8294.461506411242,0.27389143889025047,14.532606633210342
60.16736389646404,21.555051565995864,8216.977398400502,0.20000410931821222,-13.386057997232488
50.61432067162784,28.527132439819155,8227.304779261081,0.2711749200789742,6.929186230316111
44.62113453551869,28.542219852721864,8273.082943245261,0.21445328791906199,-6.058608207588934
40.728048057758215,27.399935120164805,8206.070829357393,0.20630660479857071,17.193779062072966
37.719258968721135,23.16119892811011,8298.77366406122,0.2562386672709515,19.925153531681183
47.015222639075205,25.857389816639287,8180.122967732316,0.3430148966060925,-7.666565877833479
42.463199135806875,25.927954167171197,8198.986593176174,0.35990389538022405,-5.495571359085801
39.38132806116733,22.401756780133443,8221.99971113587,0.35028410146265004,8.59587886979802
43.50793201659824,30.324995795848736,8092.041891462804,0.37329461123294333,-3.871306497895146
41.581772979247745,28.384708622397085,8062.483909534975,0.3752845642217342,-0.45411217932238224
55.674415030245726,25.02743076479028,8061.7818415273505,0.32986126298299734,0.25388420542410184
51.896537286775,25.708572891476656,8188.712280069972,0.39601305233508427,-19.196731561976563
47.698505154289165,26.190556333624592,8085.488674661766,0.42693889430499676,-0.1383774609423725
55.38847748484997,19.37760619712717,8228.47212476342,0.43715240601067074,-6.897277740641739
48.62630563098238,24.698601829252137,8059.814415429917,0.47141887321094633,-4.93122822399772
44.18402951284237,23.33143462613568,8084.705039185668,0.45993771833423736,14.43632003468814
56.357296664290544,22.30972090082969,8140.021683731281,0.454656224274192,-12.565068942792564
51.68765175592271,24.408423736967283,8150.649567532986,0.503162588790792,8.132051867479772
44.058455664272294,30.581887971572424,8140.840857036592,0.46090825883277575,-2.789629303318085
48.54469769517917,27.048430812401726,8085.598757249797,0.43072582171847473,-2.797601684958344
45.37008431310707,23.349419135643895,8063.79434728903,0.47925543080435457,7.903718960517113
43.08600134517831,26.717748344068475,8029.626347460059,0.46275486775967734,3.4005129456889045
